x,y
0.744324875506201,-0.4800379712947561
0.7443250845103545,-0.4800373601854622
0.7443253968692523,-0.48003672787150836
0.7443257709128316,-0.4800360565346522
0.7443270633577058,-0.48003419978174655
0.7443281326585893,-0.4800331673521808
0.7443305761795096,-0.4800316169754605
0.7443326440477603,-0.4800306444162774
0.7443341206767469,-0.48003001820830515
0.7443357755491956,-0.480029308724882
0.7443375264873019,-0.4800286689098376
0.7443402275761675,-0.4800279716395529
0.7443428952039652,-0.48002744091074273
0.7443458101229214,-0.48002684784219
0.7443488212021419,-0.48002634570460423
0.7443518327308903,-0.48002578830273457
0.744353889305891,-0.4800255592323987
0.7443571284337147,-0.4800252758709334
0.7443604100736498,-0.4800247128722288
0.7443636690757472,-0.4800243104830958
0.7443669909273116,-0.48002415144056076
0.7443714242557276,-0.480023752621492
0.7443736988369278,-0.4800235767132158
0.7443795049083949,-0.4800232017842591
0.7443829818896998,-0.48002290894065525
0.7443853001411443,-0.4800228419530403
0.7443899588571968,-0.4800225496818422
0.744392263456492,-0.4800224469674847
0.744395831637569,-0.48002237143523374
0.7443981350212069,-0.48002221547442253
0.7444016230175357,-0.4800220383339367
0.7444051548978575,-0.4800219370559158
0.7444099928586742,-0.4800215681390768
0.7444123754960027,-0.4800213514010004
0.7444158590731748,-0.4800213384456647
0.7444181975579421,-0.4800213483948266
0.7444230333100909,-0.4800210454818577
0.7444265872065665,-0.48002078819060967
0.7444288742209039,-0.48002072074289726
0.7444337314711351,-0.4800206086999658
0.7444373147903208,-0.48002042085747076
0.7444409095014195,-0.48002029001851143
0.7444444017249383,-0.48002023739775224
0.7444480457869662,-0.4800201254982192
0.7444516318887557,-0.4800200037409053
0.7444551705304726,-0.4800198050075738
0.7444574950519701,-0.480019669616105
0.7444623528503145,-0.4800196758631928
0.7444646917331174,-0.4800194250174452
0.7444695754380273,-0.4800190136709032
0.744473156059294,-0.48001909335415094
0.744475415008123,-0.4800190357531126
0.7444790102176756,-0.48001867443079493
0.7444827410963241,-0.4800187990159019
0.7444861756002714,-0.4800185938719709
0.7444898562143667,-0.4800182200297381
0.7444935247310005,-0.48001822645615905
0.7444982137705429,-0.48001816176033174
0.7445017920821405,-0.48001793863136855
0.744505418347855,-0.4800177833957858
0.7445089865655894,-0.480017748173639
0.7445125903524495,-0.4800177184376945
0.7445172771621467,-0.48001720948726745
0.7445197932258667,-0.4800171757964769
0.7445233960592318,-0.48001714417094266
0.7445256907813222,-0.48001704903413855
0.7445292358197744,-0.48001677664121367
0.7446366387882197,-0.48001275955594425
0.7453757801822963,-0.47998472916041635
0.7464066865588681,-0.4799452427680408
0.7474511481257032,-0.4799054864285673
0.7481462000909987,-0.4798790910934895
0.7491976016755605,-0.47983888302164046
0.7508951589569411,-0.47977387064430493
0.754882019421875,-0.479621992274342
0.760035904680536,-0.4794252799385936
0.7661414920269718,-0.4791925929373845
0.7705417602619005,-0.4790247840567393
0.775275754666078,-0.4788438831921043
0.7827648556840826,-0.47855832512343144
0.791031798238503,-0.47824306693607577
0.7968521038943451,-0.4780207179326944
0.809389381120568,-0.4775425374614407
0.8229627589532145,-0.477024741604593
0.8345205692933255,-0.47658345878884373
0.8433296998187585,-0.4762474706260601
0.8579622502917276,-0.4756892846620826
0.868585779589282,-0.47528381477712994
0.8786741413530164,-0.4748987786181698
0.8953523807385116,-0.4742623418398578
0.9173888218011127,-0.4734211450612908
0.9333822830268409,-0.47281092154591425
0.9588636145723562,-0.4718384780678796
0.9944688943044386,-0.47047933226519845
1.012328877996211,-0.4697978379492231
1.0390886542733182,-0.46877632056013974
1.056908129203438,-0.4680961390350321
1.0836113687911366,-0.46707680979745536
1.1013981819463985,-0.46639764012198226
1.1280576695187368,-0.4653798185243894
1.145818227043724,-0.4647017485700396
1.1724431691230832,-0.4636852012289522
1.1990514472527778,-0.4626690737149509
1.2167820524544881,-0.4619919868916865
1.2433670892616677,-0.4609767620254772
1.2699410271387295,-0.4599619372252383
1.287651458228117,-0.4592853664178471
1.3053580479968252,-0.45860895355277753
1.3319113272718603,-0.45759474939437567
1.3584577375072022,-0.4565807105745718
1.3761519766549617,-0.4559047796811775
1.411533764696614,-0.4545528930411478
1.4380650519076628,-0.4535392459691423
1.4645923682548518,-0.45252585026568215
1.482275387914318,-0.4518501421280342
1.4999571594055348,-0.4511743126380072
1.5264778562938794,-0.45016081138576036
1.5529935034138922,-0.4491400695511376
1.570661564035951,-0.4484131160410228
1.5883207871464178,-0.44759521626845744
1.6147953562621653,-0.44615259340800645
1.6412518491796348,-0.4444386058742494
1.6588777581539633,-0.4431436330454849
1.684280636543105,-0.4410253623418688
1.701764251327804,-0.43926224511201895
1.7192340123457819,-0.43702376826412764
1.7452326374239306,-0.43239762469346277
1.770795538783736,-0.4258633003118735
1.786783289783588,-0.42047315794218043
1.8034013255106565,-0.41329497611129595
1.8136136408980077,-0.40747557951560687
1.8178859423045288,-0.404575428569693
1.8205806807212193,-0.40244231474516023
1.8204134637352032,-0.4022916475337166
1.8199741696409601,-0.40236864768753533
1.8197054843788454,-0.4024217253176464
1.8193493179182951,-0.4024925303489897
1.8190424023031493,-0.402553084423759
1.8187775512258268,-0.4026058693431179
1.8185448418971872,-0.40265344283899224
1.8183394951380074,-0.4026978914996796
1.8182171965943281,-0.4027249983610338
1.8180540247396773,-0.4027616680437932
1.8179105074317115,-0.4027984150900414
1.8178022537842433,-0.4028446209534763
1.8176178210041003,-0.40295094262313436
1.8174126638968278,-0.40309930334861804
1.8172094074761411,-0.40326828550888516
1.8170155086690396,-0.40345344625561846
1.8169307692814514,-0.40354010375640115
1.8168326265004477,-0.4036633522364362
1.8167574586215014,-0.40379000718537067
1.8167155472793648,-0.4038840300731462
1.8166627285936934,-0.4040575216639173
1.8166253446183842,-0.4042512387882771
1.8165934408862567,-0.40446796379602273
1.8165801476552006,-0.4046173897593449
1.8165926367193597,-0.40484023309406364
1.8166077829205725,-0.4049864158013259
1.8166337844640459,-0.4051734400644031
1.8166448839427192,-0.40525868414843286
1.8166359553598155,-0.4052687391837239
1.8166245929335412,-0.4052673906860603
1.816615238260018,-0.4052631344017015
1.816606304767822,-0.40525901810733955
1.8166011244271414,-0.40525622218629703
1.816512315691782,-0.40501359081538807
1.816365214776877,-0.40459545961085086
1.8161472286098963,-0.40397008603858026
1.8158040425874868,-0.402984912988043
1.8154602713798,-0.4019976767705296
1.8150013033579069,-0.40067565260962307
1.8145820852403733,-0.3994638084250818
1.8133342650679825,-0.395795758124656
1.8113157315707942,-0.38981200185311726
1.8088140765030936,-0.3824201504252679
1.806734628024803,-0.3763010234743301
1.8044055524710227,-0.3694629545222303
1.8003539182815838,-0.3575786767637335
1.797354183885604,-0.3487830950712138
1.7907174458447976,-0.3293283326373081
1.7868635308753362,-0.318026905762338
1.7805420055453582,-0.2994839150120588
1.7736536549116995,-0.27927858440571957
1.7660725332866876,-0.25703680206343643
1.7605722727556181,-0.24089615145239648
1.7519663869874869,-0.215646085357904
1.7461958096572947,-0.19872432394318484
1.74042592610357,-0.18181438974771466
1.7317755346170052,-0.15648080690075436
1.726011000783425,-0.13961118939978026
1.717366780710927,-0.11433271743590828
1.7087246853744713,-0.0890819780357597
1.7029637077479285,-0.07226187583351604
1.6943219005726653,-0.04704965326381023
1.6885602454157578,-0.030252268785109435
1.6827981348249559,-0.013462881202503442
1.6741533059876288,0.01170768511908862
1.665505809100425,0.03686422827633987
1.6597379978127438,0.053627376246081604
1.6539503674044351,0.07037581241465055
1.6481107376973736,0.08709804871883227
1.6391783355505911,0.11210744690934912
1.6299940431831346,0.1370163934674498
1.623726707642654,0.1535646598908705
1.614108870974859,0.1782992788277619
1.6042318223353378,0.2029269035272124
1.5940958616957122,0.2274447059148332
1.5836609162231836,0.25182738578530545
1.5728242870024085,0.2760226774070844
1.5615076482749555,0.2999918277512436
1.5536890959134089,0.3158381429696987
1.5416445042682583,0.33921358313505307
1.5290852097266363,0.3622360258954621
1.5154351918483446,0.3848779867170799
1.5055753667601384,0.3994849563545633
1.4950026963103666,0.4135390268849559
1.4776386711731997,0.43320828286022134
1.464942509681343,0.44521179175987446
1.451312163975526,0.45619958358375984
1.4367455563645266,0.46603840327880136
1.4133000100975743,0.4780749175054413
1.3967447134067077,0.48394561308622963
1.3796391958637677,0.48785732531358517
1.353414751732755,0.4898197990744677
1.3272239041458334,0.4870230752382678
1.3112912674841215,0.482808482622007
1.2917921786231434,0.4746183867662332
1.2819394576735965,0.4689761576726747
1.2744623890666442,0.46386236382555207
1.2673246621760126,0.45809535374933974
1.2651818265812331,0.45603841184456984
1.264845140693787,0.45529186034131053
1.2650734595211244,0.45520012243177144
1.265421870666717,0.45511826043074405
1.2656303810956235,0.45507200282361265
1.2658183851457139,0.45502947156304185
1.266058718335011,0.45496544452756194
1.2662543874144419,0.45489777327707914
1.2663657728443576,0.45485457556666176
1.2665096230416284,0.4547949084706116
1.2665923627436027,0.45475782427913963
1.266658402918551,0.454717837463922
1.2667457046060249,0.4546718230871805
1.2668128412088306,0.45462988503730584
1.2668711159538257,0.4545769963007851
1.2668888064472272,0.45455272421301984
1.2668977671773505,0.4545286342546647
1.2668984348619896,0.45450513762838524
1.2668928338426015,0.454483173874402
1.2668753765200813,0.4544532508167939
1.266858744771523,0.4544354177448352
1.2668384296687027,0.45441900638519694
1.2668129377279111,0.45440380970364264
1.2667403212841895,0.4543749881272582
1.2666964803624063,0.45436196857128863
1.266624966233857,0.4543443301478961
1.2665742732384926,0.4543339616977408
1.2665216209795092,0.45432449208481085
1.2664335776939664,0.4542972863503763
1.266346130998986,0.4542748589617541
1.266287280307906,0.4542653508012756
1.2660923337937242,0.4542648349699175
1.2652659875540146,0.45432838395081915
1.264524267864459,0.4544111845425793
1.2634024900934937,0.4545695991581068
1.2626610269142877,0.45470363024547444
1.2615612440389,0.4549481832759362
1.261347314866528,0.4549922386945248
1.2613314445760533,0.455002218197991
1.2613395338990199,0.4550016046047961
1.2613472334624884,0.4550005073936985
1.2613571773329015,0.45499982546421247
1.2613651796330927,0.45499897683690976
1.2613715776572023,0.4549984239993093
1.2613750334399854,0.4549984269810496
1.2613791460566124,0.4549984622883516
1.2613812133492863,0.45499826243226005
1.2613827835445863,0.4549982140778225
1.2613845612189185,0.4549987392555758
1.2613852770273752,0.45499884896469067
1.2613855945021732,0.4549989369969612
1.261385705590753,0.4549996625789333
1.2613853545411484,0.45500032991303246
1.2613842685756802,0.4550007528288241
1.2613828904442166,0.4550016789017098
1.2613817838422758,0.45500207480738813
1.2613797863572391,0.45500287450739757
1.2613776830627574,0.45500376527372327
1.261375271401546,0.4550046039806582
1.2613725782800003,0.45500559924997425
1.2613707092317374,0.4550062171286739
1.2613677829802055,0.45500716405226804
1.2613648177128998,0.4550081112419902
1.261362672459871,0.4550087183812034
