step,x,y,z,yaw,lane_id,segment_id,parent_segment_id,lane_side,direction,direction_group,connect_next
1,-43.2,45.0,0.5,-90.000,V_x-40.0_top_forward_right,V_x-40.0_y26.0_48.0,V_x-40.0_y26.0_48.0,right,forward,forward_right,1
2,-43.2,44.5,0.5,-90.000,V_x-40.0_top_forward_right,V_x-40.0_y26.0_48.0,V_x-40.0_y26.0_48.0,right,forward,forward_right,1
3,-43.2,44.0,0.5,-90.000,V_x-40.0_top_forward_right,V_x-40.0_y26.0_48.0,V_x-40.0_y26.0_48.0,right,forward,forward_right,1
4,-43.2,43.5,0.5,-90.000,V_x-40.0_top_forward_right,V_x-40.0_y26.0_48.0,V_x-40.0_y26.0_48.0,right,forward,forward_right,1
5,-43.2,43.0,0.5,-90.000,V_x-40.0_top_forward_right,V_x-40.0_y26.0_48.0,V_x-40.0_y26.0_48.0,right,forward,forward_right,1
6,-43.2,42.5,0.5,-90.000,V_x-40.0_top_forward_right,V_x-40.0_y26.0_48.0,V_x-40.0_y26.0_48.0,right,forward,forward_right,1
7,-43.2,42.0,0.5,-90.000,V_x-40.0_top_forward_right,V_x-40.0_y26.0_48.0,V_x-40.0_y26.0_48.0,right,forward,forward_right,1
8,-43.2,41.5,0.5,-90.000,V_x-40.0_top_forward_right,V_x-40.0_y26.0_48.0,V_x-40.0_y26.0_48.0,right,forward,forward_right,1
9,-43.2,41.0,0.5,-90.000,V_x-40.0_top_forward_right,V_x-40.0_y26.0_48.0,V_x-40.0_y26.0_48.0,right,forward,forward_right,1
10,-43.2,40.5,0.5,-90.000,V_x-40.0_top_forward_right,V_x-40.0_y26.0_48.0,V_x-40.0_y26.0_48.0,right,forward,forward_right,1
11,-43.2,40.0,0.5,-90.000,V_x-40.0_top_forward_right,V_x-40.0_y26.0_48.0,V_x-40.0_y26.0_48.0,right,forward,forward_right,1
12,-43.2,39.5,0.5,-90.000,V_x-40.0_top_forward_right,V_x-40.0_y26.0_48.0,V_x-40.0_y26.0_48.0,right,forward,forward_right,1
13,-43.2,39.0,0.5,-90.000,V_x-40.0_top_forward_right,V_x-40.0_y26.0_48.0,V_x-40.0_y26.0_48.0,right,forward,forward_right,1
14,-43.2,38.5,0.5,-90.000,V_x-40.0_top_forward_right,V_x-40.0_y26.0_48.0,V_x-40.0_y26.0_48.0,right,forward,forward_right,1
15,-43.2,38.0,0.5,-90.000,V_x-40.0_top_forward_right,V_x-40.0_y26.0_48.0,V_x-40.0_y26.0_48.0,right,forward,forward_right,1
16,-43.2,37.5,0.5,-90.000,V_x-40.0_top_forward_right,V_x-40.0_y26.0_48.0,V_x-40.0_y26.0_48.0,right,forward,forward_right,1
17,-43.2,37.0,0.5,-90.000,V_x-40.0_top_forward_right,V_x-40.0_y26.0_48.0,V_x-40.0_y26.0_48.0,right,forward,forward_right,1
18,-43.2,36.5,0.5,-90.000,V_x-40.0_top_forward_right,V_x-40.0_y26.0_48.0,V_x-40.0_y26.0_48.0,right,forward,forward_right,1
19,-43.2,36.0,0.5,-90.000,V_x-40.0_top_forward_right,V_x-40.0_y26.0_48.0,V_x-40.0_y26.0_48.0,right,forward,forward_right,1
20,-43.2,35.5,0.5,-90.000,V_x-40.0_top_forward_right,V_x-40.0_y26.0_48.0,V_x-40.0_y26.0_48.0,right,forward,forward_right,1
21,-43.2,35.0,0.5,-90.000,V_x-40.0_top_forward_right,V_x-40.0_y26.0_48.0,V_x-40.0_y26.0_48.0,right,forward,forward_right,1
22,-43.2,34.5,0.5,-90.000,V_x-40.0_top_forward_right,V_x-40.0_y26.0_48.0,V_x-40.0_y26.0_48.0,right,forward,forward_right,1
23,-43.2,34.0,0.5,-90.000,V_x-40.0_top_forward_right,V_x-40.0_y26.0_48.0,V_x-40.0_y26.0_48.0,right,forward,forward_right,1
24,-43.2,33.5,0.5,-90.000,V_x-40.0_top_forward_right,V_x-40.0_y26.0_48.0,V_x-40.0_y26.0_48.0,right,forward,forward_right,1
25,-43.2,33.0,0.5,-90.000,V_x-40.0_top_forward_right,V_x-40.0_y26.0_48.0,V_x-40.0_y26.0_48.0,right,forward,forward_right,1
26,-43.2,32.5,0.5,-90.000,V_x-40.0_top_forward_right,V_x-40.0_y26.0_48.0,V_x-40.0_y26.0_48.0,right,forward,forward_right,1
27,-43.2,32.0,0.5,-90.000,V_x-40.0_top_forward_right,V_x-40.0_y26.0_48.0,V_x-40.0_y26.0_48.0,right,forward,forward_right,1
28,-43.2,31.5,0.5,-90.000,V_x-40.0_top_forward_right,V_x-40.0_y26.0_48.0,V_x-40.0_y26.0_48.0,right,forward,forward_right,1
29,-43.2,31.0,0.5,-90.000,V_x-40.0_top_forward_right,V_x-40.0_y26.0_48.0,V_x-40.0_y26.0_48.0,right,forward,forward_right,1
30,-43.2,30.5,0.5,-90.000,V_x-40.0_top_forward_right,V_x-40.0_y26.0_48.0,V_x-40.0_y26.0_48.0,right,forward,forward_right,1
31,-43.2,30.0,0.5,-90.000,V_x-40.0_top_forward_right,V_x-40.0_y26.0_48.0,V_x-40.0_y26.0_48.0,right,forward,forward_right,1
32,-43.2,29.5,0.5,-90.000,V_x-40.0_top_forward_right,V_x-40.0_y26.0_48.0,V_x-40.0_y26.0_48.0,right,forward,forward_right,1
33,-43.2,29.0,0.5,-90.000,V_x-40.0_top_forward_right,V_x-40.0_y26.0_48.0,V_x-40.0_y26.0_48.0,right,forward,forward_right,1
34,-43.2,28.5,0.5,-90.000,V_x-40.0_top_forward_right,V_x-40.0_y26.0_48.0,V_x-40.0_y26.0_48.0,right,forward,forward_right,1
35,-43.2,28.0,0.5,-90.000,V_x-40.0_top_forward_right,V_x-40.0_y26.0_48.0,V_x-40.0_y26.0_48.0,right,forward,forward_right,1
36,-43.2,27.5,0.5,-90.000,V_x-40.0_top_forward_right,V_x-40.0_y26.0_48.0,V_x-40.0_y26.0_48.0,right,forward,forward_right,1
37,-43.2,27.0,0.5,-90.000,V_x-40.0_top_forward_right,V_x-40.0_y26.0_48.0,V_x-40.0_y26.0_48.0,right,forward,forward_right,1
38,-43.2,26.5,0.5,-90.000,V_x-40.0_top_forward_right,V_x-40.0_y26.0_48.0,V_x-40.0_y26.0_48.0,right,forward,forward_right,1
39,-43.2,26.0,0.5,-83.694,V_x-40.0_top_forward_right,V_x-40.0_y26.0_48.0,V_x-40.0_y26.0_48.0,right,forward,forward_right,1
40,-43.119,25.267,0.5,-66.194,smooth_outer_side_vertical_same_style_arc_blue_left_y24p5_upper,smooth_outer_side_vertical_same_style_arc_blue_left_y24p5_upper,smooth_outer_side_vertical_same_style_arc_blue_left_y24p5_upper,right,forward,forward_right,1
41,-43.074,25.165,0.5,-60.895,smooth_outer_side_vertical_same_style_arc_blue_left_y24p5_upper,smooth_outer_side_vertical_same_style_arc_blue_left_y24p5_upper,smooth_outer_side_vertical_same_style_arc_blue_left_y24p5_upper,right,forward,forward_right,1
42,-43.02,25.068,0.5,-55.733,smooth_outer_side_vertical_same_style_arc_blue_left_y24p5_upper,smooth_outer_side_vertical_same_style_arc_blue_left_y24p5_upper,smooth_outer_side_vertical_same_style_arc_blue_left_y24p5_upper,right,forward,forward_right,1
43,-42.958,24.977,0.5,-50.128,smooth_outer_side_vertical_same_style_arc_blue_left_y24p5_upper,smooth_outer_side_vertical_same_style_arc_blue_left_y24p5_upper,smooth_outer_side_vertical_same_style_arc_blue_left_y24p5_upper,right,forward,forward_right,1
44,-42.887,24.892,0.5,-45.000,smooth_outer_side_vertical_same_style_arc_blue_left_y24p5_upper,smooth_outer_side_vertical_same_style_arc_blue_left_y24p5_upper,smooth_outer_side_vertical_same_style_arc_blue_left_y24p5_upper,right,forward,forward_right,1
45,-42.808,24.813,0.5,-39.872,smooth_outer_side_vertical_same_style_arc_blue_left_y24p5_upper,smooth_outer_side_vertical_same_style_arc_blue_left_y24p5_upper,smooth_outer_side_vertical_same_style_arc_blue_left_y24p5_upper,right,forward,forward_right,1
46,-42.723,24.742,0.5,-34.267,smooth_outer_side_vertical_same_style_arc_blue_left_y24p5_upper,smooth_outer_side_vertical_same_style_arc_blue_left_y24p5_upper,smooth_outer_side_vertical_same_style_arc_blue_left_y24p5_upper,right,forward,forward_right,1
47,-42.632,24.68,0.5,-15.897,smooth_outer_side_vertical_same_style_arc_blue_left_y24p5_upper,smooth_outer_side_vertical_same_style_arc_blue_left_y24p5_upper,smooth_outer_side_vertical_same_style_arc_blue_left_y24p5_upper,right,forward,forward_right,1
48,-42.0,24.5,0.5,0.000,smooth_outer_side_vertical_same_style_link_blue_left_y24p5,smooth_outer_side_vertical_same_style_link_blue_left_y24p5,smooth_outer_side_vertical_same_style_link_blue_left_y24p5,right,forward,forward_right,1
49,-41.714,24.5,0.5,0.000,smooth_outer_side_vertical_same_style_link_blue_left_y24p5,smooth_outer_side_vertical_same_style_link_blue_left_y24p5,smooth_outer_side_vertical_same_style_link_blue_left_y24p5,right,forward,forward_right,1
50,-41.429,24.5,0.5,0.000,smooth_outer_side_vertical_same_style_link_blue_left_y24p5,smooth_outer_side_vertical_same_style_link_blue_left_y24p5,smooth_outer_side_vertical_same_style_link_blue_left_y24p5,right,forward,forward_right,1
51,-41.143,24.5,0.5,0.000,smooth_outer_side_vertical_same_style_link_blue_left_y24p5,smooth_outer_side_vertical_same_style_link_blue_left_y24p5,smooth_outer_side_vertical_same_style_link_blue_left_y24p5,right,forward,forward_right,1
52,-40.857,24.5,0.5,0.000,smooth_outer_side_vertical_same_style_link_blue_left_y24p5,smooth_outer_side_vertical_same_style_link_blue_left_y24p5,smooth_outer_side_vertical_same_style_link_blue_left_y24p5,right,forward,forward_right,1
53,-40.571,24.5,0.5,0.000,smooth_outer_side_vertical_same_style_link_blue_left_y24p5,smooth_outer_side_vertical_same_style_link_blue_left_y24p5,smooth_outer_side_vertical_same_style_link_blue_left_y24p5,right,forward,forward_right,1
54,-40.286,24.5,0.5,0.000,smooth_outer_side_vertical_same_style_link_blue_left_y24p5,smooth_outer_side_vertical_same_style_link_blue_left_y24p5,smooth_outer_side_vertical_same_style_link_blue_left_y24p5,right,forward,forward_right,1
55,-40.0,24.5,0.5,0.000,smooth_outer_side_vertical_same_style_link_blue_left_y24p5,smooth_outer_side_vertical_same_style_link_blue_left_y24p5,smooth_outer_side_vertical_same_style_link_blue_left_y24p5,right,forward,forward_right,1
56,-39.5,24.5,0.5,0.000,H_y26.0_x-40.0_-20.0_forward_right,H_y26.0_x-40.0_-20.0,H_y26.0_x-40.0_-20.0,right,forward,forward_right,1
57,-39.0,24.5,0.5,0.000,H_y26.0_x-40.0_-20.0_forward_right,H_y26.0_x-40.0_-20.0,H_y26.0_x-40.0_-20.0,right,forward,forward_right,1
58,-38.5,24.5,0.5,0.000,H_y26.0_x-40.0_-20.0_forward_right,H_y26.0_x-40.0_-20.0,H_y26.0_x-40.0_-20.0,right,forward,forward_right,1
59,-38.0,24.5,0.5,0.000,H_y26.0_x-40.0_-20.0_forward_right,H_y26.0_x-40.0_-20.0,H_y26.0_x-40.0_-20.0,right,forward,forward_right,1
60,-37.5,24.5,0.5,0.000,H_y26.0_x-40.0_-20.0_forward_right,H_y26.0_x-40.0_-20.0,H_y26.0_x-40.0_-20.0,right,forward,forward_right,1
61,-37.0,24.5,0.5,0.000,H_y26.0_x-40.0_-20.0_forward_right,H_y26.0_x-40.0_-20.0,H_y26.0_x-40.0_-20.0,right,forward,forward_right,1
62,-36.5,24.5,0.5,0.000,H_y26.0_x-40.0_-20.0_forward_right,H_y26.0_x-40.0_-20.0,H_y26.0_x-40.0_-20.0,right,forward,forward_right,1
63,-36.0,24.5,0.5,0.000,H_y26.0_x-40.0_-20.0_forward_right,H_y26.0_x-40.0_-20.0,H_y26.0_x-40.0_-20.0,right,forward,forward_right,1
64,-35.5,24.5,0.5,0.000,H_y26.0_x-40.0_-20.0_forward_right,H_y26.0_x-40.0_-20.0,H_y26.0_x-40.0_-20.0,right,forward,forward_right,1
65,-35.0,24.5,0.5,0.000,H_y26.0_x-40.0_-20.0_forward_right,H_y26.0_x-40.0_-20.0,H_y26.0_x-40.0_-20.0,right,forward,forward_right,1
66,-34.5,24.5,0.5,0.000,H_y26.0_x-40.0_-20.0_forward_right,H_y26.0_x-40.0_-20.0,H_y26.0_x-40.0_-20.0,right,forward,forward_right,1
67,-34.0,24.5,0.5,0.000,H_y26.0_x-40.0_-20.0_forward_right,H_y26.0_x-40.0_-20.0,H_y26.0_x-40.0_-20.0,right,forward,forward_right,1
68,-33.5,24.5,0.5,0.000,H_y26.0_x-40.0_-20.0_forward_right,H_y26.0_x-40.0_-20.0,H_y26.0_x-40.0_-20.0,right,forward,forward_right,1
69,-33.0,24.5,0.5,0.000,H_y26.0_x-40.0_-20.0_forward_right,H_y26.0_x-40.0_-20.0,H_y26.0_x-40.0_-20.0,right,forward,forward_right,1
70,-32.5,24.5,0.5,0.000,H_y26.0_x-40.0_-20.0_forward_right,H_y26.0_x-40.0_-20.0,H_y26.0_x-40.0_-20.0,right,forward,forward_right,1
71,-32.0,24.5,0.5,0.000,H_y26.0_x-40.0_-20.0_forward_right,H_y26.0_x-40.0_-20.0,H_y26.0_x-40.0_-20.0,right,forward,forward_right,1
72,-31.5,24.5,0.5,0.000,H_y26.0_x-40.0_-20.0_forward_right,H_y26.0_x-40.0_-20.0,H_y26.0_x-40.0_-20.0,right,forward,forward_right,1
73,-31.0,24.5,0.5,0.000,H_y26.0_x-40.0_-20.0_forward_right,H_y26.0_x-40.0_-20.0,H_y26.0_x-40.0_-20.0,right,forward,forward_right,1
74,-30.5,24.5,0.5,0.000,H_y26.0_x-40.0_-20.0_forward_right,H_y26.0_x-40.0_-20.0,H_y26.0_x-40.0_-20.0,right,forward,forward_right,1
75,-30.0,24.5,0.5,0.000,H_y26.0_x-40.0_-20.0_forward_right,H_y26.0_x-40.0_-20.0,H_y26.0_x-40.0_-20.0,right,forward,forward_right,1
76,-29.5,24.5,0.5,0.000,H_y26.0_x-40.0_-20.0_forward_right,H_y26.0_x-40.0_-20.0,H_y26.0_x-40.0_-20.0,right,forward,forward_right,1
77,-29.0,24.5,0.5,0.000,H_y26.0_x-40.0_-20.0_forward_right,H_y26.0_x-40.0_-20.0,H_y26.0_x-40.0_-20.0,right,forward,forward_right,1
78,-28.5,24.5,0.5,0.000,H_y26.0_x-40.0_-20.0_forward_right,H_y26.0_x-40.0_-20.0,H_y26.0_x-40.0_-20.0,right,forward,forward_right,1
79,-28.0,24.5,0.5,0.000,H_y26.0_x-40.0_-20.0_forward_right,H_y26.0_x-40.0_-20.0,H_y26.0_x-40.0_-20.0,right,forward,forward_right,1
80,-27.5,24.5,0.5,0.000,H_y26.0_x-40.0_-20.0_forward_right,H_y26.0_x-40.0_-20.0,H_y26.0_x-40.0_-20.0,right,forward,forward_right,1
81,-27.0,24.5,0.5,0.000,H_y26.0_x-40.0_-20.0_forward_right,H_y26.0_x-40.0_-20.0,H_y26.0_x-40.0_-20.0,right,forward,forward_right,1
82,-26.5,24.5,0.5,0.000,H_y26.0_x-40.0_-20.0_forward_right,H_y26.0_x-40.0_-20.0,H_y26.0_x-40.0_-20.0,right,forward,forward_right,1
83,-26.0,24.5,0.5,0.000,H_y26.0_x-40.0_-20.0_forward_right,H_y26.0_x-40.0_-20.0,H_y26.0_x-40.0_-20.0,right,forward,forward_right,1
84,-25.5,24.5,0.5,0.000,H_y26.0_x-40.0_-20.0_forward_right,H_y26.0_x-40.0_-20.0,H_y26.0_x-40.0_-20.0,right,forward,forward_right,1
85,-25.0,24.5,0.5,0.000,H_y26.0_x-40.0_-20.0_forward_right,H_y26.0_x-40.0_-20.0,H_y26.0_x-40.0_-20.0,right,forward,forward_right,1
86,-24.5,24.5,0.5,0.000,H_y26.0_x-40.0_-20.0_forward_right,H_y26.0_x-40.0_-20.0,H_y26.0_x-40.0_-20.0,right,forward,forward_right,1
87,-24.0,24.5,0.5,0.000,H_y26.0_x-40.0_-20.0_forward_right,H_y26.0_x-40.0_-20.0,H_y26.0_x-40.0_-20.0,right,forward,forward_right,1
88,-23.5,24.5,0.5,0.000,H_y26.0_x-40.0_-20.0_forward_right,H_y26.0_x-40.0_-20.0,H_y26.0_x-40.0_-20.0,right,forward,forward_right,1
89,-23.0,24.5,0.5,0.000,H_y26.0_x-40.0_-20.0_forward_right,H_y26.0_x-40.0_-20.0,H_y26.0_x-40.0_-20.0,right,forward,forward_right,1
90,-22.5,24.5,0.5,0.000,H_y26.0_x-40.0_-20.0_forward_right,H_y26.0_x-40.0_-20.0,H_y26.0_x-40.0_-20.0,right,forward,forward_right,1
91,-22.0,24.5,0.5,0.000,H_y26.0_x-40.0_-20.0_forward_right,H_y26.0_x-40.0_-20.0,H_y26.0_x-40.0_-20.0,right,forward,forward_right,1
92,-21.5,24.5,0.5,0.000,H_y26.0_x-40.0_-20.0_forward_right,H_y26.0_x-40.0_-20.0,H_y26.0_x-40.0_-20.0,right,forward,forward_right,1
93,-21.0,24.5,0.5,0.000,H_y26.0_x-40.0_-20.0_forward_right,H_y26.0_x-40.0_-20.0,H_y26.0_x-40.0_-20.0,right,forward,forward_right,1
94,-20.5,24.5,0.5,0.000,H_y26.0_x-40.0_-20.0_forward_right,H_y26.0_x-40.0_-20.0,H_y26.0_x-40.0_-20.0,right,forward,forward_right,1
95,-20.0,24.5,0.5,0.000,H_y26.0_x-40.0_-20.0_forward_right,H_y26.0_x-40.0_-20.0,H_y26.0_x-40.0_-20.0,right,forward,forward_right,1
96,-19.5,24.5,0.5,0.000,H_y26.0_x-20.0_20.0_forward_right,H_y26.0_x-20.0_20.0,H_y26.0_x-20.0_20.0,right,forward,forward_right,1
97,-19.0,24.5,0.5,0.000,H_y26.0_x-20.0_20.0_forward_right,H_y26.0_x-20.0_20.0,H_y26.0_x-20.0_20.0,right,forward,forward_right,1
98,-18.45,24.5,0.5,-2.579,smooth_same_color_arc_forward_right_xm17p25_y24p5_bottom_left,smooth_same_color_arc_forward_right_xm17p25_y24p5_bottom_left,smooth_same_color_arc_forward_right_xm17p25_y24p5_bottom_left,right,forward,forward_right,1
99,-18.339,24.495,0.5,-7.836,smooth_same_color_arc_forward_right_xm17p25_y24p5_bottom_left,smooth_same_color_arc_forward_right_xm17p25_y24p5_bottom_left,smooth_same_color_arc_forward_right_xm17p25_y24p5_bottom_left,right,forward,forward_right,1
100,-18.23,24.48,0.5,-13.536,smooth_same_color_arc_forward_right_xm17p25_y24p5_bottom_left,smooth_same_color_arc_forward_right_xm17p25_y24p5_bottom_left,smooth_same_color_arc_forward_right_xm17p25_y24p5_bottom_left,right,forward,forward_right,1
101,-18.122,24.454,0.5,-18.435,smooth_same_color_arc_forward_right_xm17p25_y24p5_bottom_left,smooth_same_color_arc_forward_right_xm17p25_y24p5_bottom_left,smooth_same_color_arc_forward_right_xm17p25_y24p5_bottom_left,right,forward,forward_right,1
102,-18.017,24.419,0.5,-23.806,smooth_same_color_arc_forward_right_xm17p25_y24p5_bottom_left,smooth_same_color_arc_forward_right_xm17p25_y24p5_bottom_left,smooth_same_color_arc_forward_right_xm17p25_y24p5_bottom_left,right,forward,forward_right,1
103,-17.915,24.374,0.5,-29.105,smooth_same_color_arc_forward_right_xm17p25_y24p5_bottom_left,smooth_same_color_arc_forward_right_xm17p25_y24p5_bottom_left,smooth_same_color_arc_forward_right_xm17p25_y24p5_bottom_left,right,forward,forward_right,1
104,-17.818,24.32,0.5,-34.267,smooth_same_color_arc_forward_right_xm17p25_y24p5_bottom_left,smooth_same_color_arc_forward_right_xm17p25_y24p5_bottom_left,smooth_same_color_arc_forward_right_xm17p25_y24p5_bottom_left,right,forward,forward_right,1
105,-17.727,24.258,0.5,-39.872,smooth_same_color_arc_forward_right_xm17p25_y24p5_bottom_left,smooth_same_color_arc_forward_right_xm17p25_y24p5_bottom_left,smooth_same_color_arc_forward_right_xm17p25_y24p5_bottom_left,right,forward,forward_right,1
106,-17.642,24.187,0.5,-45.000,smooth_same_color_arc_forward_right_xm17p25_y24p5_bottom_left,smooth_same_color_arc_forward_right_xm17p25_y24p5_bottom_left,smooth_same_color_arc_forward_right_xm17p25_y24p5_bottom_left,right,forward,forward_right,1
107,-17.563,24.108,0.5,-50.128,smooth_same_color_arc_forward_right_xm17p25_y24p5_bottom_left,smooth_same_color_arc_forward_right_xm17p25_y24p5_bottom_left,smooth_same_color_arc_forward_right_xm17p25_y24p5_bottom_left,right,forward,forward_right,1
108,-17.492,24.023,0.5,-55.733,smooth_same_color_arc_forward_right_xm17p25_y24p5_bottom_left,smooth_same_color_arc_forward_right_xm17p25_y24p5_bottom_left,smooth_same_color_arc_forward_right_xm17p25_y24p5_bottom_left,right,forward,forward_right,1
109,-17.43,23.932,0.5,-60.895,smooth_same_color_arc_forward_right_xm17p25_y24p5_bottom_left,smooth_same_color_arc_forward_right_xm17p25_y24p5_bottom_left,smooth_same_color_arc_forward_right_xm17p25_y24p5_bottom_left,right,forward,forward_right,1
110,-17.376,23.835,0.5,-66.194,smooth_same_color_arc_forward_right_xm17p25_y24p5_bottom_left,smooth_same_color_arc_forward_right_xm17p25_y24p5_bottom_left,smooth_same_color_arc_forward_right_xm17p25_y24p5_bottom_left,right,forward,forward_right,1
111,-17.331,23.733,0.5,-71.565,smooth_same_color_arc_forward_right_xm17p25_y24p5_bottom_left,smooth_same_color_arc_forward_right_xm17p25_y24p5_bottom_left,smooth_same_color_arc_forward_right_xm17p25_y24p5_bottom_left,right,forward,forward_right,1
112,-17.296,23.628,0.5,-76.464,smooth_same_color_arc_forward_right_xm17p25_y24p5_bottom_left,smooth_same_color_arc_forward_right_xm17p25_y24p5_bottom_left,smooth_same_color_arc_forward_right_xm17p25_y24p5_bottom_left,right,forward,forward_right,1
113,-17.27,23.52,0.5,-82.164,smooth_same_color_arc_forward_right_xm17p25_y24p5_bottom_left,smooth_same_color_arc_forward_right_xm17p25_y24p5_bottom_left,smooth_same_color_arc_forward_right_xm17p25_y24p5_bottom_left,right,forward,forward_right,1
114,-17.255,23.411,0.5,-87.421,smooth_same_color_arc_forward_right_xm17p25_y24p5_bottom_left,smooth_same_color_arc_forward_right_xm17p25_y24p5_bottom_left,smooth_same_color_arc_forward_right_xm17p25_y24p5_bottom_left,right,forward,forward_right,1
115,-17.25,23.3,0.5,-90.000,smooth_same_color_arc_forward_right_xm17p25_y24p5_bottom_left,smooth_same_color_arc_forward_right_xm17p25_y24p5_bottom_left,smooth_same_color_arc_forward_right_xm17p25_y24p5_bottom_left,right,forward,forward_right,1
116,-17.25,22.63,0.5,-90.000,roundabout_top_vertical_forward_right,roundabout_top_vertical_clean,roundabout_top_vertical_clean,right,forward,forward_right,1
117,-17.25,22.13,0.5,-90.000,roundabout_top_vertical_forward_right,roundabout_top_vertical_clean,roundabout_top_vertical_clean,right,forward,forward_right,1
118,-17.25,21.63,0.5,-90.000,roundabout_top_vertical_forward_right,roundabout_top_vertical_clean,roundabout_top_vertical_clean,right,forward,forward_right,1
119,-17.25,21.13,0.5,-90.000,roundabout_top_vertical_forward_right,roundabout_top_vertical_clean,roundabout_top_vertical_clean,right,forward,forward_right,1
120,-17.25,20.63,0.5,-90.000,roundabout_top_vertical_forward_right,roundabout_top_vertical_clean,roundabout_top_vertical_clean,right,forward,forward_right,1
121,-17.25,20.13,0.5,-90.000,roundabout_top_vertical_forward_right,roundabout_top_vertical_clean,roundabout_top_vertical_clean,right,forward,forward_right,1
122,-17.25,19.63,0.5,-90.000,roundabout_top_vertical_forward_right,roundabout_top_vertical_clean,roundabout_top_vertical_clean,right,forward,forward_right,1
123,-17.25,19.13,0.5,-90.000,roundabout_top_vertical_forward_right,roundabout_top_vertical_clean,roundabout_top_vertical_clean,right,forward,forward_right,1
124,-17.25,18.63,0.5,-90.000,roundabout_top_vertical_forward_right,roundabout_top_vertical_clean,roundabout_top_vertical_clean,right,forward,forward_right,1
125,-17.25,18.13,0.5,-90.000,roundabout_top_vertical_forward_right,roundabout_top_vertical_clean,roundabout_top_vertical_clean,right,forward,forward_right,1
126,-17.25,17.63,0.5,-90.000,roundabout_top_vertical_forward_right,roundabout_top_vertical_clean,roundabout_top_vertical_clean,right,forward,forward_right,1
127,-17.25,17.13,0.5,-90.000,roundabout_top_vertical_forward_right,roundabout_top_vertical_clean,roundabout_top_vertical_clean,right,forward,forward_right,1
128,-17.25,16.63,0.5,-90.000,roundabout_top_vertical_forward_right,roundabout_top_vertical_clean,roundabout_top_vertical_clean,right,forward,forward_right,1
129,-17.25,16.13,0.5,-90.000,roundabout_top_vertical_forward_right,roundabout_top_vertical_clean,roundabout_top_vertical_clean,right,forward,forward_right,1
130,-17.25,15.63,0.5,-90.000,roundabout_top_vertical_forward_right,roundabout_top_vertical_clean,roundabout_top_vertical_clean,right,forward,forward_right,1
131,-17.25,15.13,0.5,-90.000,roundabout_top_vertical_forward_right,roundabout_top_vertical_clean,roundabout_top_vertical_clean,right,forward,forward_right,1
132,-17.25,14.63,0.5,-90.000,roundabout_top_vertical_forward_right,roundabout_top_vertical_clean,roundabout_top_vertical_clean,right,forward,forward_right,1
133,-17.25,14.13,0.5,-90.000,roundabout_top_vertical_forward_right,roundabout_top_vertical_clean,roundabout_top_vertical_clean,right,forward,forward_right,1
134,-17.25,13.63,0.5,-90.000,roundabout_top_vertical_forward_right,roundabout_top_vertical_clean,roundabout_top_vertical_clean,right,forward,forward_right,1
135,-17.25,13.13,0.5,-90.000,roundabout_top_vertical_forward_right,roundabout_top_vertical_clean,roundabout_top_vertical_clean,right,forward,forward_right,1
136,-17.25,12.63,0.5,-90.000,roundabout_top_vertical_forward_right,roundabout_top_vertical_clean,roundabout_top_vertical_clean,right,forward,forward_right,1
137,-17.25,12.13,0.5,-90.000,roundabout_top_vertical_forward_right,roundabout_top_vertical_clean,roundabout_top_vertical_clean,right,forward,forward_right,1
138,-17.25,11.63,0.5,-90.000,roundabout_top_vertical_forward_right,roundabout_top_vertical_clean,roundabout_top_vertical_clean,right,forward,forward_right,1
139,-17.25,11.13,0.5,-90.000,roundabout_top_vertical_forward_right,roundabout_top_vertical_clean,roundabout_top_vertical_clean,right,forward,forward_right,1
140,-17.25,10.63,0.5,-90.000,roundabout_top_vertical_forward_right,roundabout_top_vertical_clean,roundabout_top_vertical_clean,right,forward,forward_right,1
141,-17.25,10.13,0.5,-90.000,roundabout_top_vertical_forward_right,roundabout_top_vertical_clean,roundabout_top_vertical_clean,right,forward,forward_right,1
142,-17.25,9.63,0.5,-90.000,roundabout_top_vertical_forward_right,roundabout_top_vertical_clean,roundabout_top_vertical_clean,right,forward,forward_right,1
143,-17.25,9.13,0.5,-90.000,roundabout_top_vertical_forward_right,roundabout_top_vertical_clean,roundabout_top_vertical_clean,right,forward,forward_right,1
144,-17.25,8.63,0.5,-90.000,roundabout_top_vertical_forward_right,roundabout_top_vertical_clean,roundabout_top_vertical_clean,right,forward,forward_right,1
145,-17.25,8.13,0.5,-90.000,roundabout_top_vertical_forward_right,roundabout_top_vertical_clean,roundabout_top_vertical_clean,right,forward,forward_right,1
146,-17.25,7.63,0.5,-90.000,roundabout_top_vertical_forward_right,roundabout_top_vertical_clean,roundabout_top_vertical_clean,right,forward,forward_right,1
147,-17.25,7.13,0.5,-90.000,roundabout_top_vertical_forward_right,roundabout_top_vertical_clean,roundabout_top_vertical_clean,right,forward,forward_right,1
148,-17.25,6.63,0.5,-90.000,roundabout_top_vertical_forward_right,roundabout_top_vertical_clean,roundabout_top_vertical_clean,right,forward,forward_right,1
149,-17.25,6.13,0.5,-90.000,roundabout_top_vertical_forward_right,roundabout_top_vertical_clean,roundabout_top_vertical_clean,right,forward,forward_right,1
150,-17.25,5.63,0.5,172.154,roundabout_top_vertical_forward_right,roundabout_top_vertical_clean,roundabout_top_vertical_clean,right,forward,forward_right,1
151,-17.533,5.669000000000001,0.5,174.425,RING_07_forward_right,RING_07,RING_07,right,forward,forward_right,1
152,-18.117000000000004,5.726,0.5,174.425,RING_07_forward_right,RING_07,RING_07,right,forward,forward_right,0
