step,x,y,z,yaw,lane_id,direction_group,segment_id,parent_segment_id,lane_side,direction,connect_next
1,-41.500,48.000,0.500,-90.000,V_x-40.0_y26.0_48.0_forward_right,forward_right,V_x-40.0_y26.0_48.0,V_x-40.0_y26.0_48.0,right,forward,1
2,-41.500,47.500,0.500,-90.000,V_x-40.0_y26.0_48.0_forward_right,forward_right,V_x-40.0_y26.0_48.0,V_x-40.0_y26.0_48.0,right,forward,1
3,-41.500,47.000,0.500,-90.000,V_x-40.0_y26.0_48.0_forward_right,forward_right,V_x-40.0_y26.0_48.0,V_x-40.0_y26.0_48.0,right,forward,1
4,-41.500,46.500,0.500,-90.000,V_x-40.0_y26.0_48.0_forward_right,forward_right,V_x-40.0_y26.0_48.0,V_x-40.0_y26.0_48.0,right,forward,1
5,-41.500,46.000,0.500,-90.000,V_x-40.0_y26.0_48.0_forward_right,forward_right,V_x-40.0_y26.0_48.0,V_x-40.0_y26.0_48.0,right,forward,1
6,-41.500,45.500,0.500,-90.000,V_x-40.0_y26.0_48.0_forward_right,forward_right,V_x-40.0_y26.0_48.0,V_x-40.0_y26.0_48.0,right,forward,1
7,-41.500,45.000,0.500,-90.000,V_x-40.0_y26.0_48.0_forward_right,forward_right,V_x-40.0_y26.0_48.0,V_x-40.0_y26.0_48.0,right,forward,1
8,-41.500,44.500,0.500,-90.000,V_x-40.0_y26.0_48.0_forward_right,forward_right,V_x-40.0_y26.0_48.0,V_x-40.0_y26.0_48.0,right,forward,1
9,-41.500,44.000,0.500,-90.000,V_x-40.0_y26.0_48.0_forward_right,forward_right,V_x-40.0_y26.0_48.0,V_x-40.0_y26.0_48.0,right,forward,1
10,-41.500,43.500,0.500,-90.000,V_x-40.0_y26.0_48.0_forward_right,forward_right,V_x-40.0_y26.0_48.0,V_x-40.0_y26.0_48.0,right,forward,1
11,-41.500,43.000,0.500,-90.000,V_x-40.0_y26.0_48.0_forward_right,forward_right,V_x-40.0_y26.0_48.0,V_x-40.0_y26.0_48.0,right,forward,1
12,-41.500,42.500,0.500,-90.000,V_x-40.0_y26.0_48.0_forward_right,forward_right,V_x-40.0_y26.0_48.0,V_x-40.0_y26.0_48.0,right,forward,1
13,-41.500,42.000,0.500,-90.000,V_x-40.0_y26.0_48.0_forward_right,forward_right,V_x-40.0_y26.0_48.0,V_x-40.0_y26.0_48.0,right,forward,1
14,-41.500,41.500,0.500,-90.000,V_x-40.0_y26.0_48.0_forward_right,forward_right,V_x-40.0_y26.0_48.0,V_x-40.0_y26.0_48.0,right,forward,1
15,-41.500,41.000,0.500,-90.000,V_x-40.0_y26.0_48.0_forward_right,forward_right,V_x-40.0_y26.0_48.0,V_x-40.0_y26.0_48.0,right,forward,1
16,-41.500,40.500,0.500,-90.000,V_x-40.0_y26.0_48.0_forward_right,forward_right,V_x-40.0_y26.0_48.0,V_x-40.0_y26.0_48.0,right,forward,1
17,-41.500,40.000,0.500,-90.000,V_x-40.0_y26.0_48.0_forward_right,forward_right,V_x-40.0_y26.0_48.0,V_x-40.0_y26.0_48.0,right,forward,1
18,-41.500,39.500,0.500,-90.000,V_x-40.0_y26.0_48.0_forward_right,forward_right,V_x-40.0_y26.0_48.0,V_x-40.0_y26.0_48.0,right,forward,1
19,-41.500,39.000,0.500,-90.000,V_x-40.0_y26.0_48.0_forward_right,forward_right,V_x-40.0_y26.0_48.0,V_x-40.0_y26.0_48.0,right,forward,1
20,-41.500,38.500,0.500,-90.000,V_x-40.0_y26.0_48.0_forward_right,forward_right,V_x-40.0_y26.0_48.0,V_x-40.0_y26.0_48.0,right,forward,1
21,-41.500,38.000,0.500,-90.000,V_x-40.0_y26.0_48.0_forward_right,forward_right,V_x-40.0_y26.0_48.0,V_x-40.0_y26.0_48.0,right,forward,1
22,-41.500,37.500,0.500,-90.000,V_x-40.0_y26.0_48.0_forward_right,forward_right,V_x-40.0_y26.0_48.0,V_x-40.0_y26.0_48.0,right,forward,1
23,-41.500,37.000,0.500,-90.000,V_x-40.0_y26.0_48.0_forward_right,forward_right,V_x-40.0_y26.0_48.0,V_x-40.0_y26.0_48.0,right,forward,1
24,-41.500,36.500,0.500,-90.000,V_x-40.0_y26.0_48.0_forward_right,forward_right,V_x-40.0_y26.0_48.0,V_x-40.0_y26.0_48.0,right,forward,1
25,-41.500,36.000,0.500,-90.000,V_x-40.0_y26.0_48.0_forward_right,forward_right,V_x-40.0_y26.0_48.0,V_x-40.0_y26.0_48.0,right,forward,1
26,-41.500,35.500,0.500,-90.000,V_x-40.0_y26.0_48.0_forward_right,forward_right,V_x-40.0_y26.0_48.0,V_x-40.0_y26.0_48.0,right,forward,1
27,-41.500,35.000,0.500,-90.000,V_x-40.0_y26.0_48.0_forward_right,forward_right,V_x-40.0_y26.0_48.0,V_x-40.0_y26.0_48.0,right,forward,1
28,-41.500,34.500,0.500,-90.000,V_x-40.0_y26.0_48.0_forward_right,forward_right,V_x-40.0_y26.0_48.0,V_x-40.0_y26.0_48.0,right,forward,1
29,-41.500,34.000,0.500,-90.000,V_x-40.0_y26.0_48.0_forward_right,forward_right,V_x-40.0_y26.0_48.0,V_x-40.0_y26.0_48.0,right,forward,1
30,-41.500,33.500,0.500,-90.000,V_x-40.0_y26.0_48.0_forward_right,forward_right,V_x-40.0_y26.0_48.0,V_x-40.0_y26.0_48.0,right,forward,1
31,-41.500,33.000,0.500,-90.000,V_x-40.0_y26.0_48.0_forward_right,forward_right,V_x-40.0_y26.0_48.0,V_x-40.0_y26.0_48.0,right,forward,1
32,-41.500,32.500,0.500,-90.000,V_x-40.0_y26.0_48.0_forward_right,forward_right,V_x-40.0_y26.0_48.0,V_x-40.0_y26.0_48.0,right,forward,1
33,-41.500,32.000,0.500,-90.000,V_x-40.0_y26.0_48.0_forward_right,forward_right,V_x-40.0_y26.0_48.0,V_x-40.0_y26.0_48.0,right,forward,1
34,-41.500,31.500,0.500,-90.000,V_x-40.0_y26.0_48.0_forward_right,forward_right,V_x-40.0_y26.0_48.0,V_x-40.0_y26.0_48.0,right,forward,1
35,-41.500,31.000,0.500,-90.000,V_x-40.0_y26.0_48.0_forward_right,forward_right,V_x-40.0_y26.0_48.0,V_x-40.0_y26.0_48.0,right,forward,1
36,-41.500,30.500,0.500,-90.000,V_x-40.0_y26.0_48.0_forward_right,forward_right,V_x-40.0_y26.0_48.0,V_x-40.0_y26.0_48.0,right,forward,1
37,-41.500,30.000,0.500,-90.000,V_x-40.0_y26.0_48.0_forward_right,forward_right,V_x-40.0_y26.0_48.0,V_x-40.0_y26.0_48.0,right,forward,1
38,-41.500,29.500,0.500,-90.000,V_x-40.0_y26.0_48.0_forward_right,forward_right,V_x-40.0_y26.0_48.0,V_x-40.0_y26.0_48.0,right,forward,1
39,-41.500,29.000,0.500,-90.000,V_x-40.0_y26.0_48.0_forward_right,forward_right,V_x-40.0_y26.0_48.0,V_x-40.0_y26.0_48.0,right,forward,1
40,-41.500,28.500,0.500,-90.000,V_x-40.0_y26.0_48.0_forward_right,forward_right,V_x-40.0_y26.0_48.0,V_x-40.0_y26.0_48.0,right,forward,1
41,-41.500,28.000,0.500,-90.000,V_x-40.0_y26.0_48.0_forward_right,forward_right,V_x-40.0_y26.0_48.0,V_x-40.0_y26.0_48.0,right,forward,1
42,-41.500,27.500,0.500,-90.000,V_x-40.0_y26.0_48.0_forward_right,forward_right,V_x-40.0_y26.0_48.0,V_x-40.0_y26.0_48.0,right,forward,1
43,-41.500,27.000,0.500,-90.000,V_x-40.0_y26.0_48.0_forward_right,forward_right,V_x-40.0_y26.0_48.0,V_x-40.0_y26.0_48.0,right,forward,1
44,-41.500,26.500,0.500,-90.000,V_x-40.0_y26.0_48.0_forward_right,forward_right,V_x-40.0_y26.0_48.0,V_x-40.0_y26.0_48.0,right,forward,1
45,-41.500,26.000,0.500,-90.000,V_x-40.0_y26.0_48.0_forward_right,forward_right,V_x-40.0_y26.0_48.0,V_x-40.0_y26.0_48.0,right,forward,1
46,-41.500,25.500,0.500,-90.000,V_x-40.0_y-3.0_26.0_forward_right,forward_right,V_x-40.0_y-3.0_26.0,V_x-40.0_y-3.0_26.0,right,forward,1
47,-41.500,25.000,0.500,-90.000,V_x-40.0_y-3.0_26.0_forward_right,forward_right,V_x-40.0_y-3.0_26.0,V_x-40.0_y-3.0_26.0,right,forward,1
48,-41.500,24.500,0.500,-90.000,V_x-40.0_y-3.0_26.0_forward_right,forward_right,V_x-40.0_y-3.0_26.0,V_x-40.0_y-3.0_26.0,right,forward,1
49,-41.500,24.000,0.500,-90.000,V_x-40.0_y-3.0_26.0_forward_right,forward_right,V_x-40.0_y-3.0_26.0,V_x-40.0_y-3.0_26.0,right,forward,1
50,-41.500,23.500,0.500,-90.000,V_x-40.0_y-3.0_26.0_forward_right,forward_right,V_x-40.0_y-3.0_26.0,V_x-40.0_y-3.0_26.0,right,forward,1
51,-41.500,23.000,0.500,-90.000,V_x-40.0_y-3.0_26.0_forward_right,forward_right,V_x-40.0_y-3.0_26.0,V_x-40.0_y-3.0_26.0,right,forward,1
52,-41.500,22.500,0.500,-90.000,V_x-40.0_y-3.0_26.0_forward_right,forward_right,V_x-40.0_y-3.0_26.0,V_x-40.0_y-3.0_26.0,right,forward,1
53,-41.500,22.000,0.500,-90.000,V_x-40.0_y-3.0_26.0_forward_right,forward_right,V_x-40.0_y-3.0_26.0,V_x-40.0_y-3.0_26.0,right,forward,1
54,-41.500,21.500,0.500,-90.000,V_x-40.0_y-3.0_26.0_forward_right,forward_right,V_x-40.0_y-3.0_26.0,V_x-40.0_y-3.0_26.0,right,forward,1
55,-41.500,21.000,0.500,-90.000,V_x-40.0_y-3.0_26.0_forward_right,forward_right,V_x-40.0_y-3.0_26.0,V_x-40.0_y-3.0_26.0,right,forward,1
56,-41.500,20.500,0.500,-90.000,V_x-40.0_y-3.0_26.0_forward_right,forward_right,V_x-40.0_y-3.0_26.0,V_x-40.0_y-3.0_26.0,right,forward,1
57,-41.500,20.000,0.500,-90.000,V_x-40.0_y-3.0_26.0_forward_right,forward_right,V_x-40.0_y-3.0_26.0,V_x-40.0_y-3.0_26.0,right,forward,1
58,-41.500,19.500,0.500,-90.000,V_x-40.0_y-3.0_26.0_forward_right,forward_right,V_x-40.0_y-3.0_26.0,V_x-40.0_y-3.0_26.0,right,forward,1
59,-41.500,19.000,0.500,-90.000,V_x-40.0_y-3.0_26.0_forward_right,forward_right,V_x-40.0_y-3.0_26.0,V_x-40.0_y-3.0_26.0,right,forward,1
60,-41.500,18.500,0.500,-90.000,V_x-40.0_y-3.0_26.0_forward_right,forward_right,V_x-40.0_y-3.0_26.0,V_x-40.0_y-3.0_26.0,right,forward,1
61,-41.500,18.000,0.500,-90.000,V_x-40.0_y-3.0_26.0_forward_right,forward_right,V_x-40.0_y-3.0_26.0,V_x-40.0_y-3.0_26.0,right,forward,1
62,-41.500,17.500,0.500,-90.000,V_x-40.0_y-3.0_26.0_forward_right,forward_right,V_x-40.0_y-3.0_26.0,V_x-40.0_y-3.0_26.0,right,forward,1
63,-41.500,17.000,0.500,-90.000,V_x-40.0_y-3.0_26.0_forward_right,forward_right,V_x-40.0_y-3.0_26.0,V_x-40.0_y-3.0_26.0,right,forward,1
64,-41.500,16.500,0.500,-90.000,V_x-40.0_y-3.0_26.0_forward_right,forward_right,V_x-40.0_y-3.0_26.0,V_x-40.0_y-3.0_26.0,right,forward,1
65,-41.500,16.000,0.500,-90.000,V_x-40.0_y-3.0_26.0_forward_right,forward_right,V_x-40.0_y-3.0_26.0,V_x-40.0_y-3.0_26.0,right,forward,1
66,-41.500,15.500,0.500,-90.000,V_x-40.0_y-3.0_26.0_forward_right,forward_right,V_x-40.0_y-3.0_26.0,V_x-40.0_y-3.0_26.0,right,forward,1
67,-41.500,15.000,0.500,-90.000,V_x-40.0_y-3.0_26.0_forward_right,forward_right,V_x-40.0_y-3.0_26.0,V_x-40.0_y-3.0_26.0,right,forward,1
68,-41.500,14.500,0.500,-90.000,V_x-40.0_y-3.0_26.0_forward_right,forward_right,V_x-40.0_y-3.0_26.0,V_x-40.0_y-3.0_26.0,right,forward,1
69,-41.500,14.000,0.500,-90.000,V_x-40.0_y-3.0_26.0_forward_right,forward_right,V_x-40.0_y-3.0_26.0,V_x-40.0_y-3.0_26.0,right,forward,1
70,-41.500,13.500,0.500,-90.000,V_x-40.0_y-3.0_26.0_forward_right,forward_right,V_x-40.0_y-3.0_26.0,V_x-40.0_y-3.0_26.0,right,forward,1
71,-41.500,13.000,0.500,-90.000,V_x-40.0_y-3.0_26.0_forward_right,forward_right,V_x-40.0_y-3.0_26.0,V_x-40.0_y-3.0_26.0,right,forward,1
72,-41.500,12.500,0.500,-90.000,V_x-40.0_y-3.0_26.0_forward_right,forward_right,V_x-40.0_y-3.0_26.0,V_x-40.0_y-3.0_26.0,right,forward,1
73,-41.500,12.000,0.500,-90.000,V_x-40.0_y-3.0_26.0_forward_right,forward_right,V_x-40.0_y-3.0_26.0,V_x-40.0_y-3.0_26.0,right,forward,1
74,-41.500,11.500,0.500,-90.000,V_x-40.0_y-3.0_26.0_forward_right,forward_right,V_x-40.0_y-3.0_26.0,V_x-40.0_y-3.0_26.0,right,forward,1
75,-41.500,11.000,0.500,-90.000,V_x-40.0_y-3.0_26.0_forward_right,forward_right,V_x-40.0_y-3.0_26.0,V_x-40.0_y-3.0_26.0,right,forward,1
76,-41.500,10.500,0.500,-90.000,V_x-40.0_y-3.0_26.0_forward_right,forward_right,V_x-40.0_y-3.0_26.0,V_x-40.0_y-3.0_26.0,right,forward,1
77,-41.500,10.000,0.500,-90.000,V_x-40.0_y-3.0_26.0_forward_right,forward_right,V_x-40.0_y-3.0_26.0,V_x-40.0_y-3.0_26.0,right,forward,1
78,-41.500,9.500,0.500,-90.000,V_x-40.0_y-3.0_26.0_forward_right,forward_right,V_x-40.0_y-3.0_26.0,V_x-40.0_y-3.0_26.0,right,forward,1
79,-41.500,9.000,0.500,-90.000,V_x-40.0_y-3.0_26.0_forward_right,forward_right,V_x-40.0_y-3.0_26.0,V_x-40.0_y-3.0_26.0,right,forward,1
80,-41.500,8.500,0.500,-90.000,V_x-40.0_y-3.0_26.0_forward_right,forward_right,V_x-40.0_y-3.0_26.0,V_x-40.0_y-3.0_26.0,right,forward,1
81,-41.500,8.000,0.500,-90.000,V_x-40.0_y-3.0_26.0_forward_right,forward_right,V_x-40.0_y-3.0_26.0,V_x-40.0_y-3.0_26.0,right,forward,1
82,-41.500,7.500,0.500,-90.000,V_x-40.0_y-3.0_26.0_forward_right,forward_right,V_x-40.0_y-3.0_26.0,V_x-40.0_y-3.0_26.0,right,forward,1
83,-41.500,7.000,0.500,-90.000,V_x-40.0_y-3.0_26.0_forward_right,forward_right,V_x-40.0_y-3.0_26.0,V_x-40.0_y-3.0_26.0,right,forward,1
84,-41.500,6.500,0.500,-90.000,V_x-40.0_y-3.0_26.0_forward_right,forward_right,V_x-40.0_y-3.0_26.0,V_x-40.0_y-3.0_26.0,right,forward,1
85,-41.500,6.000,0.500,-90.000,V_x-40.0_y-3.0_26.0_forward_right,forward_right,V_x-40.0_y-3.0_26.0,V_x-40.0_y-3.0_26.0,right,forward,1
86,-41.500,5.500,0.500,-90.000,V_x-40.0_y-3.0_26.0_forward_right,forward_right,V_x-40.0_y-3.0_26.0,V_x-40.0_y-3.0_26.0,right,forward,1
87,-41.500,5.000,0.500,-90.000,V_x-40.0_y-3.0_26.0_forward_right,forward_right,V_x-40.0_y-3.0_26.0,V_x-40.0_y-3.0_26.0,right,forward,1
88,-41.500,4.500,0.500,-90.000,V_x-40.0_y-3.0_26.0_forward_right,forward_right,V_x-40.0_y-3.0_26.0,V_x-40.0_y-3.0_26.0,right,forward,1
89,-41.500,4.000,0.500,-90.000,V_x-40.0_y-3.0_26.0_forward_right,forward_right,V_x-40.0_y-3.0_26.0,V_x-40.0_y-3.0_26.0,right,forward,1
90,-41.500,3.500,0.500,-90.000,V_x-40.0_y-3.0_26.0_forward_right,forward_right,V_x-40.0_y-3.0_26.0,V_x-40.0_y-3.0_26.0,right,forward,1
91,-41.500,3.000,0.500,-90.000,V_x-40.0_y-3.0_26.0_forward_right,forward_right,V_x-40.0_y-3.0_26.0,V_x-40.0_y-3.0_26.0,right,forward,1
92,-41.500,2.500,0.500,-90.000,V_x-40.0_y-3.0_26.0_forward_right,forward_right,V_x-40.0_y-3.0_26.0,V_x-40.0_y-3.0_26.0,right,forward,1
93,-41.500,2.000,0.500,-90.000,V_x-40.0_y-3.0_26.0_forward_right,forward_right,V_x-40.0_y-3.0_26.0,V_x-40.0_y-3.0_26.0,right,forward,1
94,-41.500,1.500,0.500,-90.000,V_x-40.0_y-3.0_26.0_forward_right,forward_right,V_x-40.0_y-3.0_26.0,V_x-40.0_y-3.0_26.0,right,forward,1
95,-41.500,1.000,0.500,-90.000,V_x-40.0_y-3.0_26.0_forward_right,forward_right,V_x-40.0_y-3.0_26.0,V_x-40.0_y-3.0_26.0,right,forward,1
96,-41.500,0.500,0.500,-90.000,V_x-40.0_y-3.0_26.0_forward_right,forward_right,V_x-40.0_y-3.0_26.0,V_x-40.0_y-3.0_26.0,right,forward,1
97,-41.500,-0.000,0.500,-90.000,V_x-40.0_y-3.0_26.0_forward_right,forward_right,V_x-40.0_y-3.0_26.0,V_x-40.0_y-3.0_26.0,right,forward,1
98,-41.500,-0.500,0.500,-90.000,V_x-40.0_y-3.0_26.0_forward_right,forward_right,V_x-40.0_y-3.0_26.0,V_x-40.0_y-3.0_26.0,right,forward,1
99,-41.500,-1.000,0.500,-90.000,V_x-40.0_y-3.0_26.0_forward_right,forward_right,V_x-40.0_y-3.0_26.0,V_x-40.0_y-3.0_26.0,right,forward,1
100,-41.500,-1.500,0.500,-90.000,V_x-40.0_y-3.0_26.0_forward_right,forward_right,V_x-40.0_y-3.0_26.0,V_x-40.0_y-3.0_26.0,right,forward,1
101,-41.500,-2.000,0.500,-90.000,V_x-40.0_y-3.0_26.0_forward_right,forward_right,V_x-40.0_y-3.0_26.0,V_x-40.0_y-3.0_26.0,right,forward,1
102,-41.500,-2.500,0.500,-90.000,V_x-40.0_y-3.0_26.0_forward_right,forward_right,V_x-40.0_y-3.0_26.0,V_x-40.0_y-3.0_26.0,right,forward,1
103,-41.500,-3.000,0.500,-90.000,V_x-40.0_y-3.0_26.0_forward_right,forward_right,V_x-40.0_y-3.0_26.0,V_x-40.0_y-3.0_26.0,right,forward,1
104,-41.500,-3.500,0.500,-90.000,V_x-40.0_y-34.0_-3.0_forward_right,forward_right,V_x-40.0_y-34.0_-3.0,V_x-40.0_y-34.0_-3.0,right,forward,1
105,-41.500,-4.000,0.500,-90.000,V_x-40.0_y-34.0_-3.0_forward_right,forward_right,V_x-40.0_y-34.0_-3.0,V_x-40.0_y-34.0_-3.0,right,forward,1
106,-41.500,-4.500,0.500,-90.000,V_x-40.0_y-34.0_-3.0_forward_right,forward_right,V_x-40.0_y-34.0_-3.0,V_x-40.0_y-34.0_-3.0,right,forward,1
107,-41.500,-5.000,0.500,-90.000,V_x-40.0_y-34.0_-3.0_forward_right,forward_right,V_x-40.0_y-34.0_-3.0,V_x-40.0_y-34.0_-3.0,right,forward,1
108,-41.500,-5.500,0.500,-90.000,V_x-40.0_y-34.0_-3.0_forward_right,forward_right,V_x-40.0_y-34.0_-3.0,V_x-40.0_y-34.0_-3.0,right,forward,1
109,-41.500,-6.000,0.500,-90.000,V_x-40.0_y-34.0_-3.0_forward_right,forward_right,V_x-40.0_y-34.0_-3.0,V_x-40.0_y-34.0_-3.0,right,forward,1
110,-41.500,-6.500,0.500,-90.000,V_x-40.0_y-34.0_-3.0_forward_right,forward_right,V_x-40.0_y-34.0_-3.0,V_x-40.0_y-34.0_-3.0,right,forward,1
111,-41.500,-7.000,0.500,-90.000,V_x-40.0_y-34.0_-3.0_forward_right,forward_right,V_x-40.0_y-34.0_-3.0,V_x-40.0_y-34.0_-3.0,right,forward,1
112,-41.500,-7.500,0.500,-90.000,V_x-40.0_y-34.0_-3.0_forward_right,forward_right,V_x-40.0_y-34.0_-3.0,V_x-40.0_y-34.0_-3.0,right,forward,1
113,-41.500,-8.000,0.500,-90.000,V_x-40.0_y-34.0_-3.0_forward_right,forward_right,V_x-40.0_y-34.0_-3.0,V_x-40.0_y-34.0_-3.0,right,forward,1
114,-41.500,-8.500,0.500,-90.000,V_x-40.0_y-34.0_-3.0_forward_right,forward_right,V_x-40.0_y-34.0_-3.0,V_x-40.0_y-34.0_-3.0,right,forward,1
115,-41.500,-9.000,0.500,-90.000,V_x-40.0_y-34.0_-3.0_forward_right,forward_right,V_x-40.0_y-34.0_-3.0,V_x-40.0_y-34.0_-3.0,right,forward,1
116,-41.500,-9.500,0.500,-90.000,V_x-40.0_y-34.0_-3.0_forward_right,forward_right,V_x-40.0_y-34.0_-3.0,V_x-40.0_y-34.0_-3.0,right,forward,1
117,-41.500,-10.000,0.500,-90.000,V_x-40.0_y-34.0_-3.0_forward_right,forward_right,V_x-40.0_y-34.0_-3.0,V_x-40.0_y-34.0_-3.0,right,forward,1
118,-41.500,-10.500,0.500,-90.000,V_x-40.0_y-34.0_-3.0_forward_right,forward_right,V_x-40.0_y-34.0_-3.0,V_x-40.0_y-34.0_-3.0,right,forward,1
119,-41.500,-11.000,0.500,-90.000,V_x-40.0_y-34.0_-3.0_forward_right,forward_right,V_x-40.0_y-34.0_-3.0,V_x-40.0_y-34.0_-3.0,right,forward,1
120,-41.500,-11.500,0.500,-90.000,V_x-40.0_y-34.0_-3.0_forward_right,forward_right,V_x-40.0_y-34.0_-3.0,V_x-40.0_y-34.0_-3.0,right,forward,1
121,-41.500,-12.000,0.500,-90.000,V_x-40.0_y-34.0_-3.0_forward_right,forward_right,V_x-40.0_y-34.0_-3.0,V_x-40.0_y-34.0_-3.0,right,forward,1
122,-41.500,-12.500,0.500,-90.000,V_x-40.0_y-34.0_-3.0_forward_right,forward_right,V_x-40.0_y-34.0_-3.0,V_x-40.0_y-34.0_-3.0,right,forward,1
123,-41.500,-13.000,0.500,-90.000,V_x-40.0_y-34.0_-3.0_forward_right,forward_right,V_x-40.0_y-34.0_-3.0,V_x-40.0_y-34.0_-3.0,right,forward,1
124,-41.500,-13.500,0.500,-90.000,V_x-40.0_y-34.0_-3.0_forward_right,forward_right,V_x-40.0_y-34.0_-3.0,V_x-40.0_y-34.0_-3.0,right,forward,1
125,-41.500,-14.000,0.500,-90.000,V_x-40.0_y-34.0_-3.0_forward_right,forward_right,V_x-40.0_y-34.0_-3.0,V_x-40.0_y-34.0_-3.0,right,forward,1
126,-41.500,-14.500,0.500,-90.000,V_x-40.0_y-34.0_-3.0_forward_right,forward_right,V_x-40.0_y-34.0_-3.0,V_x-40.0_y-34.0_-3.0,right,forward,1
127,-41.500,-15.000,0.500,-90.000,V_x-40.0_y-34.0_-3.0_forward_right,forward_right,V_x-40.0_y-34.0_-3.0,V_x-40.0_y-34.0_-3.0,right,forward,1
128,-41.500,-15.500,0.500,-90.000,V_x-40.0_y-34.0_-3.0_forward_right,forward_right,V_x-40.0_y-34.0_-3.0,V_x-40.0_y-34.0_-3.0,right,forward,1
129,-41.500,-16.000,0.500,-90.000,V_x-40.0_y-34.0_-3.0_forward_right,forward_right,V_x-40.0_y-34.0_-3.0,V_x-40.0_y-34.0_-3.0,right,forward,1
130,-41.500,-16.500,0.500,-90.000,V_x-40.0_y-34.0_-3.0_forward_right,forward_right,V_x-40.0_y-34.0_-3.0,V_x-40.0_y-34.0_-3.0,right,forward,1
131,-41.500,-17.000,0.500,-90.000,V_x-40.0_y-34.0_-3.0_forward_right,forward_right,V_x-40.0_y-34.0_-3.0,V_x-40.0_y-34.0_-3.0,right,forward,1
132,-41.500,-17.500,0.500,-90.000,V_x-40.0_y-34.0_-3.0_forward_right,forward_right,V_x-40.0_y-34.0_-3.0,V_x-40.0_y-34.0_-3.0,right,forward,1
133,-41.500,-18.000,0.500,-90.000,V_x-40.0_y-34.0_-3.0_forward_right,forward_right,V_x-40.0_y-34.0_-3.0,V_x-40.0_y-34.0_-3.0,right,forward,1
134,-41.500,-18.500,0.500,-90.000,V_x-40.0_y-34.0_-3.0_forward_right,forward_right,V_x-40.0_y-34.0_-3.0,V_x-40.0_y-34.0_-3.0,right,forward,1
135,-41.500,-19.000,0.500,-90.000,V_x-40.0_y-34.0_-3.0_forward_right,forward_right,V_x-40.0_y-34.0_-3.0,V_x-40.0_y-34.0_-3.0,right,forward,1
136,-41.500,-19.500,0.500,-90.000,V_x-40.0_y-34.0_-3.0_forward_right,forward_right,V_x-40.0_y-34.0_-3.0,V_x-40.0_y-34.0_-3.0,right,forward,1
137,-41.500,-20.000,0.500,-90.000,V_x-40.0_y-34.0_-3.0_forward_right,forward_right,V_x-40.0_y-34.0_-3.0,V_x-40.0_y-34.0_-3.0,right,forward,1
138,-41.500,-20.500,0.500,-90.000,V_x-40.0_y-34.0_-3.0_forward_right,forward_right,V_x-40.0_y-34.0_-3.0,V_x-40.0_y-34.0_-3.0,right,forward,1
139,-41.500,-21.000,0.500,-90.000,V_x-40.0_y-34.0_-3.0_forward_right,forward_right,V_x-40.0_y-34.0_-3.0,V_x-40.0_y-34.0_-3.0,right,forward,1
140,-41.500,-21.500,0.500,-90.000,V_x-40.0_y-34.0_-3.0_forward_right,forward_right,V_x-40.0_y-34.0_-3.0,V_x-40.0_y-34.0_-3.0,right,forward,1
141,-41.500,-22.000,0.500,-90.000,V_x-40.0_y-34.0_-3.0_forward_right,forward_right,V_x-40.0_y-34.0_-3.0,V_x-40.0_y-34.0_-3.0,right,forward,1
142,-41.500,-22.500,0.500,-90.000,V_x-40.0_y-34.0_-3.0_forward_right,forward_right,V_x-40.0_y-34.0_-3.0,V_x-40.0_y-34.0_-3.0,right,forward,1
143,-41.500,-23.000,0.500,-90.000,V_x-40.0_y-34.0_-3.0_forward_right,forward_right,V_x-40.0_y-34.0_-3.0,V_x-40.0_y-34.0_-3.0,right,forward,1
144,-41.500,-23.500,0.500,-90.000,V_x-40.0_y-34.0_-3.0_forward_right,forward_right,V_x-40.0_y-34.0_-3.0,V_x-40.0_y-34.0_-3.0,right,forward,1
145,-41.500,-24.000,0.500,-90.000,V_x-40.0_y-34.0_-3.0_forward_right,forward_right,V_x-40.0_y-34.0_-3.0,V_x-40.0_y-34.0_-3.0,right,forward,1
146,-41.500,-24.500,0.500,-90.000,V_x-40.0_y-34.0_-3.0_forward_right,forward_right,V_x-40.0_y-34.0_-3.0,V_x-40.0_y-34.0_-3.0,right,forward,1
147,-41.500,-25.000,0.500,-90.000,V_x-40.0_y-34.0_-3.0_forward_right,forward_right,V_x-40.0_y-34.0_-3.0,V_x-40.0_y-34.0_-3.0,right,forward,1
148,-41.500,-25.500,0.500,-90.000,V_x-40.0_y-34.0_-3.0_forward_right,forward_right,V_x-40.0_y-34.0_-3.0,V_x-40.0_y-34.0_-3.0,right,forward,1
149,-41.500,-26.000,0.500,-90.000,V_x-40.0_y-34.0_-3.0_forward_right,forward_right,V_x-40.0_y-34.0_-3.0,V_x-40.0_y-34.0_-3.0,right,forward,1
150,-41.500,-26.500,0.500,-90.000,V_x-40.0_y-34.0_-3.0_forward_right,forward_right,V_x-40.0_y-34.0_-3.0,V_x-40.0_y-34.0_-3.0,right,forward,1
151,-41.500,-27.000,0.500,-90.000,V_x-40.0_y-34.0_-3.0_forward_right,forward_right,V_x-40.0_y-34.0_-3.0,V_x-40.0_y-34.0_-3.0,right,forward,1
152,-41.500,-27.500,0.500,-90.000,V_x-40.0_y-34.0_-3.0_forward_right,forward_right,V_x-40.0_y-34.0_-3.0,V_x-40.0_y-34.0_-3.0,right,forward,1
153,-41.500,-28.000,0.500,-90.000,V_x-40.0_y-34.0_-3.0_forward_right,forward_right,V_x-40.0_y-34.0_-3.0,V_x-40.0_y-34.0_-3.0,right,forward,1
154,-41.500,-28.500,0.500,-90.000,V_x-40.0_y-34.0_-3.0_forward_right,forward_right,V_x-40.0_y-34.0_-3.0,V_x-40.0_y-34.0_-3.0,right,forward,1
155,-41.500,-29.000,0.500,-90.000,V_x-40.0_y-34.0_-3.0_forward_right,forward_right,V_x-40.0_y-34.0_-3.0,V_x-40.0_y-34.0_-3.0,right,forward,1
156,-41.500,-29.500,0.500,-90.000,V_x-40.0_y-34.0_-3.0_forward_right,forward_right,V_x-40.0_y-34.0_-3.0,V_x-40.0_y-34.0_-3.0,right,forward,1
157,-41.500,-30.000,0.500,-90.000,V_x-40.0_y-34.0_-3.0_forward_right,forward_right,V_x-40.0_y-34.0_-3.0,V_x-40.0_y-34.0_-3.0,right,forward,1
158,-41.500,-30.500,0.500,-90.000,V_x-40.0_y-34.0_-3.0_forward_right,forward_right,V_x-40.0_y-34.0_-3.0,V_x-40.0_y-34.0_-3.0,right,forward,1
159,-41.500,-31.000,0.500,-90.000,V_x-40.0_y-34.0_-3.0_forward_right,forward_right,V_x-40.0_y-34.0_-3.0,V_x-40.0_y-34.0_-3.0,right,forward,1
160,-41.500,-31.500,0.500,-90.000,V_x-40.0_y-34.0_-3.0_forward_right,forward_right,V_x-40.0_y-34.0_-3.0,V_x-40.0_y-34.0_-3.0,right,forward,1
161,-41.500,-32.000,0.500,-90.000,V_x-40.0_y-34.0_-3.0_forward_right,forward_right,V_x-40.0_y-34.0_-3.0,V_x-40.0_y-34.0_-3.0,right,forward,1
162,-41.500,-32.500,0.500,-90.000,V_x-40.0_y-34.0_-3.0_forward_right,forward_right,V_x-40.0_y-34.0_-3.0,V_x-40.0_y-34.0_-3.0,right,forward,1
163,-41.500,-33.000,0.500,-90.000,V_x-40.0_y-34.0_-3.0_forward_right,forward_right,V_x-40.0_y-34.0_-3.0,V_x-40.0_y-34.0_-3.0,right,forward,1
164,-41.500,-33.500,0.500,-90.000,V_x-40.0_y-34.0_-3.0_forward_right,forward_right,V_x-40.0_y-34.0_-3.0,V_x-40.0_y-34.0_-3.0,right,forward,1
165,-41.500,-34.000,0.500,-90.115,V_x-40.0_y-34.0_-3.0_forward_right,forward_right,V_x-40.0_y-34.0_-3.0,V_x-40.0_y-34.0_-3.0,right,forward,1
166,-41.501,-34.500,0.500,-87.561,V_x-40.0_y-34.0_-3.0_forward_right,forward_right,V_x-40.0_y-34.0_-3.0,V_x-40.0_y-34.0_-3.0,right,forward,1
167,-41.480,-34.999,0.500,-58.644,V_x-40.0_y-34.0_-3.0_forward_right,forward_right,V_x-40.0_y-34.0_-3.0,V_x-40.0_y-34.0_-3.0,right,forward,1
168,-41.224,-35.419,0.500,-9.006,V_x-40.0_y-34.0_-3.0_forward_right,forward_right,V_x-40.0_y-34.0_-3.0,V_x-40.0_y-34.0_-3.0,right,forward,1
169,-40.731,-35.497,0.500,-0.421,V_x-40.0_y-34.0_-3.0_forward_right,forward_right,V_x-40.0_y-34.0_-3.0,V_x-40.0_y-34.0_-3.0,right,forward,1
170,-40.231,-35.501,0.500,0.102,V_x-40.0_y-34.0_-3.0_forward_right,forward_right,V_x-40.0_y-34.0_-3.0,V_x-40.0_y-34.0_-3.0,right,forward,1
171,-39.731,-35.500,0.500,0.000,H_y-34.0_x-40.0_-20.0_reverse_right,reverse_right,H_y-34.0_x-40.0_-20.0,H_y-34.0_x-40.0_-20.0,right,reverse,1
172,-39.231,-35.500,0.500,0.000,H_y-34.0_x-40.0_-20.0_reverse_right,reverse_right,H_y-34.0_x-40.0_-20.0,H_y-34.0_x-40.0_-20.0,right,reverse,1
173,-38.731,-35.500,0.500,0.000,H_y-34.0_x-40.0_-20.0_reverse_right,reverse_right,H_y-34.0_x-40.0_-20.0,H_y-34.0_x-40.0_-20.0,right,reverse,1
174,-38.231,-35.500,0.500,0.000,H_y-34.0_x-40.0_-20.0_reverse_right,reverse_right,H_y-34.0_x-40.0_-20.0,H_y-34.0_x-40.0_-20.0,right,reverse,1
175,-37.731,-35.500,0.500,0.000,H_y-34.0_x-40.0_-20.0_reverse_right,reverse_right,H_y-34.0_x-40.0_-20.0,H_y-34.0_x-40.0_-20.0,right,reverse,1
176,-37.231,-35.500,0.500,0.000,H_y-34.0_x-40.0_-20.0_reverse_right,reverse_right,H_y-34.0_x-40.0_-20.0,H_y-34.0_x-40.0_-20.0,right,reverse,1
177,-36.731,-35.500,0.500,0.000,H_y-34.0_x-40.0_-20.0_reverse_right,reverse_right,H_y-34.0_x-40.0_-20.0,H_y-34.0_x-40.0_-20.0,right,reverse,1
178,-36.231,-35.500,0.500,0.000,H_y-34.0_x-40.0_-20.0_reverse_right,reverse_right,H_y-34.0_x-40.0_-20.0,H_y-34.0_x-40.0_-20.0,right,reverse,1
179,-35.731,-35.500,0.500,0.000,H_y-34.0_x-40.0_-20.0_reverse_right,reverse_right,H_y-34.0_x-40.0_-20.0,H_y-34.0_x-40.0_-20.0,right,reverse,1
180,-35.231,-35.500,0.500,0.000,H_y-34.0_x-40.0_-20.0_reverse_right,reverse_right,H_y-34.0_x-40.0_-20.0,H_y-34.0_x-40.0_-20.0,right,reverse,1
181,-34.731,-35.500,0.500,0.000,H_y-34.0_x-40.0_-20.0_reverse_right,reverse_right,H_y-34.0_x-40.0_-20.0,H_y-34.0_x-40.0_-20.0,right,reverse,1
182,-34.231,-35.500,0.500,0.000,H_y-34.0_x-40.0_-20.0_reverse_right,reverse_right,H_y-34.0_x-40.0_-20.0,H_y-34.0_x-40.0_-20.0,right,reverse,1
183,-33.731,-35.500,0.500,0.000,H_y-34.0_x-40.0_-20.0_reverse_right,reverse_right,H_y-34.0_x-40.0_-20.0,H_y-34.0_x-40.0_-20.0,right,reverse,1
184,-33.231,-35.500,0.500,0.000,H_y-34.0_x-40.0_-20.0_reverse_right,reverse_right,H_y-34.0_x-40.0_-20.0,H_y-34.0_x-40.0_-20.0,right,reverse,1
185,-32.731,-35.500,0.500,0.000,H_y-34.0_x-40.0_-20.0_reverse_right,reverse_right,H_y-34.0_x-40.0_-20.0,H_y-34.0_x-40.0_-20.0,right,reverse,1
186,-32.231,-35.500,0.500,0.000,H_y-34.0_x-40.0_-20.0_reverse_right,reverse_right,H_y-34.0_x-40.0_-20.0,H_y-34.0_x-40.0_-20.0,right,reverse,1
187,-31.731,-35.500,0.500,0.000,H_y-34.0_x-40.0_-20.0_reverse_right,reverse_right,H_y-34.0_x-40.0_-20.0,H_y-34.0_x-40.0_-20.0,right,reverse,1
188,-31.231,-35.500,0.500,0.000,H_y-34.0_x-40.0_-20.0_reverse_right,reverse_right,H_y-34.0_x-40.0_-20.0,H_y-34.0_x-40.0_-20.0,right,reverse,1
189,-30.731,-35.500,0.500,0.000,H_y-34.0_x-40.0_-20.0_reverse_right,reverse_right,H_y-34.0_x-40.0_-20.0,H_y-34.0_x-40.0_-20.0,right,reverse,1
190,-30.231,-35.500,0.500,0.000,H_y-34.0_x-40.0_-20.0_reverse_right,reverse_right,H_y-34.0_x-40.0_-20.0,H_y-34.0_x-40.0_-20.0,right,reverse,1
191,-29.731,-35.500,0.500,0.000,H_y-34.0_x-40.0_-20.0_reverse_right,reverse_right,H_y-34.0_x-40.0_-20.0,H_y-34.0_x-40.0_-20.0,right,reverse,1
192,-29.231,-35.500,0.500,0.000,H_y-34.0_x-40.0_-20.0_reverse_right,reverse_right,H_y-34.0_x-40.0_-20.0,H_y-34.0_x-40.0_-20.0,right,reverse,1
193,-28.731,-35.500,0.500,0.000,H_y-34.0_x-40.0_-20.0_reverse_right,reverse_right,H_y-34.0_x-40.0_-20.0,H_y-34.0_x-40.0_-20.0,right,reverse,1
194,-28.231,-35.500,0.500,0.000,H_y-34.0_x-40.0_-20.0_reverse_right,reverse_right,H_y-34.0_x-40.0_-20.0,H_y-34.0_x-40.0_-20.0,right,reverse,1
195,-27.731,-35.500,0.500,0.000,H_y-34.0_x-40.0_-20.0_reverse_right,reverse_right,H_y-34.0_x-40.0_-20.0,H_y-34.0_x-40.0_-20.0,right,reverse,1
196,-27.231,-35.500,0.500,0.000,H_y-34.0_x-40.0_-20.0_reverse_right,reverse_right,H_y-34.0_x-40.0_-20.0,H_y-34.0_x-40.0_-20.0,right,reverse,1
197,-26.731,-35.500,0.500,0.000,H_y-34.0_x-40.0_-20.0_reverse_right,reverse_right,H_y-34.0_x-40.0_-20.0,H_y-34.0_x-40.0_-20.0,right,reverse,1
198,-26.231,-35.500,0.500,0.000,H_y-34.0_x-40.0_-20.0_reverse_right,reverse_right,H_y-34.0_x-40.0_-20.0,H_y-34.0_x-40.0_-20.0,right,reverse,1
199,-25.731,-35.500,0.500,0.000,H_y-34.0_x-40.0_-20.0_reverse_right,reverse_right,H_y-34.0_x-40.0_-20.0,H_y-34.0_x-40.0_-20.0,right,reverse,1
200,-25.231,-35.500,0.500,0.000,H_y-34.0_x-40.0_-20.0_reverse_right,reverse_right,H_y-34.0_x-40.0_-20.0,H_y-34.0_x-40.0_-20.0,right,reverse,1
201,-24.731,-35.500,0.500,0.000,H_y-34.0_x-40.0_-20.0_reverse_right,reverse_right,H_y-34.0_x-40.0_-20.0,H_y-34.0_x-40.0_-20.0,right,reverse,1
202,-24.231,-35.500,0.500,0.000,H_y-34.0_x-40.0_-20.0_reverse_right,reverse_right,H_y-34.0_x-40.0_-20.0,H_y-34.0_x-40.0_-20.0,right,reverse,1
203,-23.731,-35.500,0.500,0.000,H_y-34.0_x-40.0_-20.0_reverse_right,reverse_right,H_y-34.0_x-40.0_-20.0,H_y-34.0_x-40.0_-20.0,right,reverse,1
204,-23.231,-35.500,0.500,0.000,H_y-34.0_x-40.0_-20.0_reverse_right,reverse_right,H_y-34.0_x-40.0_-20.0,H_y-34.0_x-40.0_-20.0,right,reverse,1
205,-22.731,-35.500,0.500,0.000,H_y-34.0_x-40.0_-20.0_reverse_right,reverse_right,H_y-34.0_x-40.0_-20.0,H_y-34.0_x-40.0_-20.0,right,reverse,1
206,-22.231,-35.500,0.500,0.000,H_y-34.0_x-40.0_-20.0_reverse_right,reverse_right,H_y-34.0_x-40.0_-20.0,H_y-34.0_x-40.0_-20.0,right,reverse,1
207,-21.731,-35.500,0.500,0.000,H_y-34.0_x-40.0_-20.0_reverse_right,reverse_right,H_y-34.0_x-40.0_-20.0,H_y-34.0_x-40.0_-20.0,right,reverse,1
208,-21.231,-35.500,0.500,0.000,H_y-34.0_x-40.0_-20.0_reverse_right,reverse_right,H_y-34.0_x-40.0_-20.0,H_y-34.0_x-40.0_-20.0,right,reverse,1
209,-20.731,-35.500,0.500,0.000,H_y-34.0_x-40.0_-20.0_reverse_right,reverse_right,H_y-34.0_x-40.0_-20.0,H_y-34.0_x-40.0_-20.0,right,reverse,1
210,-20.231,-35.500,0.500,0.000,H_y-34.0_x-40.0_-20.0_reverse_right,reverse_right,H_y-34.0_x-40.0_-20.0,H_y-34.0_x-40.0_-20.0,right,reverse,1
211,-19.731,-35.500,0.500,0.000,H_y-34.0_x-20.0_20.0_reverse_right,reverse_right,H_y-34.0_x-20.0_20.0,H_y-34.0_x-20.0_20.0,right,reverse,1
212,-19.231,-35.500,0.500,0.000,H_y-34.0_x-20.0_20.0_reverse_right,reverse_right,H_y-34.0_x-20.0_20.0,H_y-34.0_x-20.0_20.0,right,reverse,1
213,-18.731,-35.500,0.500,0.000,H_y-34.0_x-20.0_20.0_reverse_right,reverse_right,H_y-34.0_x-20.0_20.0,H_y-34.0_x-20.0_20.0,right,reverse,1
214,-18.231,-35.500,0.500,0.000,H_y-34.0_x-20.0_20.0_reverse_right,reverse_right,H_y-34.0_x-20.0_20.0,H_y-34.0_x-20.0_20.0,right,reverse,1
215,-17.731,-35.500,0.500,0.000,H_y-34.0_x-20.0_20.0_reverse_right,reverse_right,H_y-34.0_x-20.0_20.0,H_y-34.0_x-20.0_20.0,right,reverse,1
216,-17.231,-35.500,0.500,0.000,H_y-34.0_x-20.0_20.0_reverse_right,reverse_right,H_y-34.0_x-20.0_20.0,H_y-34.0_x-20.0_20.0,right,reverse,1
217,-16.731,-35.500,0.500,0.000,H_y-34.0_x-20.0_20.0_reverse_right,reverse_right,H_y-34.0_x-20.0_20.0,H_y-34.0_x-20.0_20.0,right,reverse,1
218,-16.231,-35.500,0.500,0.000,H_y-34.0_x-20.0_20.0_reverse_right,reverse_right,H_y-34.0_x-20.0_20.0,H_y-34.0_x-20.0_20.0,right,reverse,1
219,-15.731,-35.500,0.500,0.000,H_y-34.0_x-20.0_20.0_reverse_right,reverse_right,H_y-34.0_x-20.0_20.0,H_y-34.0_x-20.0_20.0,right,reverse,1
220,-15.231,-35.500,0.500,0.000,H_y-34.0_x-20.0_20.0_reverse_right,reverse_right,H_y-34.0_x-20.0_20.0,H_y-34.0_x-20.0_20.0,right,reverse,1
221,-14.731,-35.500,0.500,0.000,H_y-34.0_x-20.0_20.0_reverse_right,reverse_right,H_y-34.0_x-20.0_20.0,H_y-34.0_x-20.0_20.0,right,reverse,1
222,-14.231,-35.500,0.500,0.000,H_y-34.0_x-20.0_20.0_reverse_right,reverse_right,H_y-34.0_x-20.0_20.0,H_y-34.0_x-20.0_20.0,right,reverse,1
223,-13.731,-35.500,0.500,0.000,H_y-34.0_x-20.0_20.0_reverse_right,reverse_right,H_y-34.0_x-20.0_20.0,H_y-34.0_x-20.0_20.0,right,reverse,1
224,-13.231,-35.500,0.500,0.000,H_y-34.0_x-20.0_20.0_reverse_right,reverse_right,H_y-34.0_x-20.0_20.0,H_y-34.0_x-20.0_20.0,right,reverse,1
225,-12.731,-35.500,0.500,0.000,H_y-34.0_x-20.0_20.0_reverse_right,reverse_right,H_y-34.0_x-20.0_20.0,H_y-34.0_x-20.0_20.0,right,reverse,1
226,-12.231,-35.500,0.500,0.000,H_y-34.0_x-20.0_20.0_reverse_right,reverse_right,H_y-34.0_x-20.0_20.0,H_y-34.0_x-20.0_20.0,right,reverse,1
227,-11.731,-35.500,0.500,0.000,H_y-34.0_x-20.0_20.0_reverse_right,reverse_right,H_y-34.0_x-20.0_20.0,H_y-34.0_x-20.0_20.0,right,reverse,1
228,-11.231,-35.500,0.500,0.000,H_y-34.0_x-20.0_20.0_reverse_right,reverse_right,H_y-34.0_x-20.0_20.0,H_y-34.0_x-20.0_20.0,right,reverse,1
229,-10.731,-35.500,0.500,0.000,H_y-34.0_x-20.0_20.0_reverse_right,reverse_right,H_y-34.0_x-20.0_20.0,H_y-34.0_x-20.0_20.0,right,reverse,1
230,-10.231,-35.500,0.500,0.000,H_y-34.0_x-20.0_20.0_reverse_right,reverse_right,H_y-34.0_x-20.0_20.0,H_y-34.0_x-20.0_20.0,right,reverse,1
231,-9.731,-35.500,0.500,0.000,H_y-34.0_x-20.0_20.0_reverse_right,reverse_right,H_y-34.0_x-20.0_20.0,H_y-34.0_x-20.0_20.0,right,reverse,1
232,-9.231,-35.500,0.500,0.000,H_y-34.0_x-20.0_20.0_reverse_right,reverse_right,H_y-34.0_x-20.0_20.0,H_y-34.0_x-20.0_20.0,right,reverse,1
233,-8.731,-35.500,0.500,0.000,H_y-34.0_x-20.0_20.0_reverse_right,reverse_right,H_y-34.0_x-20.0_20.0,H_y-34.0_x-20.0_20.0,right,reverse,1
234,-8.231,-35.500,0.500,0.000,H_y-34.0_x-20.0_20.0_reverse_right,reverse_right,H_y-34.0_x-20.0_20.0,H_y-34.0_x-20.0_20.0,right,reverse,1
235,-7.731,-35.500,0.500,0.000,H_y-34.0_x-20.0_20.0_reverse_right,reverse_right,H_y-34.0_x-20.0_20.0,H_y-34.0_x-20.0_20.0,right,reverse,1
236,-7.231,-35.500,0.500,0.000,H_y-34.0_x-20.0_20.0_reverse_right,reverse_right,H_y-34.0_x-20.0_20.0,H_y-34.0_x-20.0_20.0,right,reverse,1
237,-6.731,-35.500,0.500,0.000,H_y-34.0_x-20.0_20.0_reverse_right,reverse_right,H_y-34.0_x-20.0_20.0,H_y-34.0_x-20.0_20.0,right,reverse,1
238,-6.231,-35.500,0.500,0.000,H_y-34.0_x-20.0_20.0_reverse_right,reverse_right,H_y-34.0_x-20.0_20.0,H_y-34.0_x-20.0_20.0,right,reverse,1
239,-5.731,-35.500,0.500,0.000,H_y-34.0_x-20.0_20.0_reverse_right,reverse_right,H_y-34.0_x-20.0_20.0,H_y-34.0_x-20.0_20.0,right,reverse,1
240,-5.231,-35.500,0.500,0.000,H_y-34.0_x-20.0_20.0_reverse_right,reverse_right,H_y-34.0_x-20.0_20.0,H_y-34.0_x-20.0_20.0,right,reverse,1
241,-4.731,-35.500,0.500,0.000,H_y-34.0_x-20.0_20.0_reverse_right,reverse_right,H_y-34.0_x-20.0_20.0,H_y-34.0_x-20.0_20.0,right,reverse,1
242,-4.231,-35.500,0.500,0.000,H_y-34.0_x-20.0_20.0_reverse_right,reverse_right,H_y-34.0_x-20.0_20.0,H_y-34.0_x-20.0_20.0,right,reverse,1
243,-3.731,-35.500,0.500,0.000,H_y-34.0_x-20.0_20.0_reverse_right,reverse_right,H_y-34.0_x-20.0_20.0,H_y-34.0_x-20.0_20.0,right,reverse,1
244,-3.231,-35.500,0.500,0.000,H_y-34.0_x-20.0_20.0_reverse_right,reverse_right,H_y-34.0_x-20.0_20.0,H_y-34.0_x-20.0_20.0,right,reverse,1
245,-2.731,-35.500,0.500,0.000,H_y-34.0_x-20.0_20.0_reverse_right,reverse_right,H_y-34.0_x-20.0_20.0,H_y-34.0_x-20.0_20.0,right,reverse,1
246,-2.231,-35.500,0.500,0.000,H_y-34.0_x-20.0_20.0_reverse_right,reverse_right,H_y-34.0_x-20.0_20.0,H_y-34.0_x-20.0_20.0,right,reverse,1
247,-1.731,-35.500,0.500,0.000,H_y-34.0_x-20.0_20.0_reverse_right,reverse_right,H_y-34.0_x-20.0_20.0,H_y-34.0_x-20.0_20.0,right,reverse,1
248,-1.231,-35.500,0.500,0.000,H_y-34.0_x-20.0_20.0_reverse_right,reverse_right,H_y-34.0_x-20.0_20.0,H_y-34.0_x-20.0_20.0,right,reverse,1
249,-0.731,-35.500,0.500,0.000,H_y-34.0_x-20.0_20.0_reverse_right,reverse_right,H_y-34.0_x-20.0_20.0,H_y-34.0_x-20.0_20.0,right,reverse,1
250,-0.231,-35.500,0.500,0.000,H_y-34.0_x-20.0_20.0_reverse_right,reverse_right,H_y-34.0_x-20.0_20.0,H_y-34.0_x-20.0_20.0,right,reverse,1
251,0.269,-35.500,0.500,0.000,H_y-34.0_x-20.0_20.0_reverse_right,reverse_right,H_y-34.0_x-20.0_20.0,H_y-34.0_x-20.0_20.0,right,reverse,1
252,0.769,-35.500,0.500,0.000,H_y-34.0_x-20.0_20.0_reverse_right,reverse_right,H_y-34.0_x-20.0_20.0,H_y-34.0_x-20.0_20.0,right,reverse,1
253,1.269,-35.500,0.500,0.000,H_y-34.0_x-20.0_20.0_reverse_right,reverse_right,H_y-34.0_x-20.0_20.0,H_y-34.0_x-20.0_20.0,right,reverse,1
254,1.769,-35.500,0.500,0.000,H_y-34.0_x-20.0_20.0_reverse_right,reverse_right,H_y-34.0_x-20.0_20.0,H_y-34.0_x-20.0_20.0,right,reverse,1
255,2.269,-35.500,0.500,0.000,H_y-34.0_x-20.0_20.0_reverse_right,reverse_right,H_y-34.0_x-20.0_20.0,H_y-34.0_x-20.0_20.0,right,reverse,1
256,2.769,-35.500,0.500,0.000,H_y-34.0_x-20.0_20.0_reverse_right,reverse_right,H_y-34.0_x-20.0_20.0,H_y-34.0_x-20.0_20.0,right,reverse,1
257,3.269,-35.500,0.500,0.000,H_y-34.0_x-20.0_20.0_reverse_right,reverse_right,H_y-34.0_x-20.0_20.0,H_y-34.0_x-20.0_20.0,right,reverse,1
258,3.769,-35.500,0.500,0.000,H_y-34.0_x-20.0_20.0_reverse_right,reverse_right,H_y-34.0_x-20.0_20.0,H_y-34.0_x-20.0_20.0,right,reverse,1
259,4.269,-35.500,0.500,0.000,H_y-34.0_x-20.0_20.0_reverse_right,reverse_right,H_y-34.0_x-20.0_20.0,H_y-34.0_x-20.0_20.0,right,reverse,1
260,4.769,-35.500,0.500,0.000,H_y-34.0_x-20.0_20.0_reverse_right,reverse_right,H_y-34.0_x-20.0_20.0,H_y-34.0_x-20.0_20.0,right,reverse,1
261,5.269,-35.500,0.500,0.000,H_y-34.0_x-20.0_20.0_reverse_right,reverse_right,H_y-34.0_x-20.0_20.0,H_y-34.0_x-20.0_20.0,right,reverse,1
262,5.769,-35.500,0.500,0.000,H_y-34.0_x-20.0_20.0_reverse_right,reverse_right,H_y-34.0_x-20.0_20.0,H_y-34.0_x-20.0_20.0,right,reverse,1
263,6.269,-35.500,0.500,0.000,H_y-34.0_x-20.0_20.0_reverse_right,reverse_right,H_y-34.0_x-20.0_20.0,H_y-34.0_x-20.0_20.0,right,reverse,1
264,6.769,-35.500,0.500,0.000,H_y-34.0_x-20.0_20.0_reverse_right,reverse_right,H_y-34.0_x-20.0_20.0,H_y-34.0_x-20.0_20.0,right,reverse,1
265,7.269,-35.500,0.500,0.000,H_y-34.0_x-20.0_20.0_reverse_right,reverse_right,H_y-34.0_x-20.0_20.0,H_y-34.0_x-20.0_20.0,right,reverse,1
266,7.769,-35.500,0.500,0.000,H_y-34.0_x-20.0_20.0_reverse_right,reverse_right,H_y-34.0_x-20.0_20.0,H_y-34.0_x-20.0_20.0,right,reverse,1
267,8.269,-35.500,0.500,0.000,H_y-34.0_x-20.0_20.0_reverse_right,reverse_right,H_y-34.0_x-20.0_20.0,H_y-34.0_x-20.0_20.0,right,reverse,1
268,8.769,-35.500,0.500,0.000,H_y-34.0_x-20.0_20.0_reverse_right,reverse_right,H_y-34.0_x-20.0_20.0,H_y-34.0_x-20.0_20.0,right,reverse,1
269,9.269,-35.500,0.500,0.000,H_y-34.0_x-20.0_20.0_reverse_right,reverse_right,H_y-34.0_x-20.0_20.0,H_y-34.0_x-20.0_20.0,right,reverse,1
270,9.769,-35.500,0.500,0.000,H_y-34.0_x-20.0_20.0_reverse_right,reverse_right,H_y-34.0_x-20.0_20.0,H_y-34.0_x-20.0_20.0,right,reverse,1
271,10.269,-35.500,0.500,0.000,H_y-34.0_x-20.0_20.0_reverse_right,reverse_right,H_y-34.0_x-20.0_20.0,H_y-34.0_x-20.0_20.0,right,reverse,1
272,10.769,-35.500,0.500,0.000,H_y-34.0_x-20.0_20.0_reverse_right,reverse_right,H_y-34.0_x-20.0_20.0,H_y-34.0_x-20.0_20.0,right,reverse,1
273,11.269,-35.500,0.500,0.000,H_y-34.0_x-20.0_20.0_reverse_right,reverse_right,H_y-34.0_x-20.0_20.0,H_y-34.0_x-20.0_20.0,right,reverse,1
274,11.769,-35.500,0.500,0.000,H_y-34.0_x-20.0_20.0_reverse_right,reverse_right,H_y-34.0_x-20.0_20.0,H_y-34.0_x-20.0_20.0,right,reverse,1
275,12.269,-35.500,0.500,0.000,H_y-34.0_x-20.0_20.0_reverse_right,reverse_right,H_y-34.0_x-20.0_20.0,H_y-34.0_x-20.0_20.0,right,reverse,1
276,12.769,-35.500,0.500,0.000,H_y-34.0_x-20.0_20.0_reverse_right,reverse_right,H_y-34.0_x-20.0_20.0,H_y-34.0_x-20.0_20.0,right,reverse,1
277,13.269,-35.500,0.500,0.000,H_y-34.0_x-20.0_20.0_reverse_right,reverse_right,H_y-34.0_x-20.0_20.0,H_y-34.0_x-20.0_20.0,right,reverse,1
278,13.769,-35.500,0.500,0.000,H_y-34.0_x-20.0_20.0_reverse_right,reverse_right,H_y-34.0_x-20.0_20.0,H_y-34.0_x-20.0_20.0,right,reverse,1
279,14.269,-35.500,0.500,0.000,H_y-34.0_x-20.0_20.0_reverse_right,reverse_right,H_y-34.0_x-20.0_20.0,H_y-34.0_x-20.0_20.0,right,reverse,1
280,14.769,-35.500,0.500,0.000,H_y-34.0_x-20.0_20.0_reverse_right,reverse_right,H_y-34.0_x-20.0_20.0,H_y-34.0_x-20.0_20.0,right,reverse,1
281,15.269,-35.500,0.500,0.000,H_y-34.0_x-20.0_20.0_reverse_right,reverse_right,H_y-34.0_x-20.0_20.0,H_y-34.0_x-20.0_20.0,right,reverse,1
282,15.769,-35.500,0.500,0.000,H_y-34.0_x-20.0_20.0_reverse_right,reverse_right,H_y-34.0_x-20.0_20.0,H_y-34.0_x-20.0_20.0,right,reverse,1
283,16.269,-35.500,0.500,0.000,H_y-34.0_x-20.0_20.0_reverse_right,reverse_right,H_y-34.0_x-20.0_20.0,H_y-34.0_x-20.0_20.0,right,reverse,1
284,16.769,-35.500,0.500,0.000,H_y-34.0_x-20.0_20.0_reverse_right,reverse_right,H_y-34.0_x-20.0_20.0,H_y-34.0_x-20.0_20.0,right,reverse,1
285,17.269,-35.500,0.500,0.000,H_y-34.0_x-20.0_20.0_reverse_right,reverse_right,H_y-34.0_x-20.0_20.0,H_y-34.0_x-20.0_20.0,right,reverse,1
286,17.769,-35.500,0.500,0.000,H_y-34.0_x-20.0_20.0_reverse_right,reverse_right,H_y-34.0_x-20.0_20.0,H_y-34.0_x-20.0_20.0,right,reverse,1
287,18.269,-35.500,0.500,0.000,H_y-34.0_x-20.0_20.0_reverse_right,reverse_right,H_y-34.0_x-20.0_20.0,H_y-34.0_x-20.0_20.0,right,reverse,1
288,18.769,-35.500,0.500,0.000,H_y-34.0_x-20.0_20.0_reverse_right,reverse_right,H_y-34.0_x-20.0_20.0,H_y-34.0_x-20.0_20.0,right,reverse,1
289,19.269,-35.500,0.500,0.000,H_y-34.0_x-20.0_20.0_reverse_right,reverse_right,H_y-34.0_x-20.0_20.0,H_y-34.0_x-20.0_20.0,right,reverse,1
290,19.769,-35.500,0.500,0.000,H_y-34.0_x-20.0_20.0_reverse_right,reverse_right,H_y-34.0_x-20.0_20.0,H_y-34.0_x-20.0_20.0,right,reverse,1
291,20.269,-35.500,0.500,0.000,H_y-34.0_x20.0_40.0_reverse_right,reverse_right,H_y-34.0_x20.0_40.0,H_y-34.0_x20.0_40.0,right,reverse,1
292,20.769,-35.500,0.500,0.000,H_y-34.0_x20.0_40.0_reverse_right,reverse_right,H_y-34.0_x20.0_40.0,H_y-34.0_x20.0_40.0,right,reverse,1
293,21.269,-35.500,0.500,0.000,H_y-34.0_x20.0_40.0_reverse_right,reverse_right,H_y-34.0_x20.0_40.0,H_y-34.0_x20.0_40.0,right,reverse,1
294,21.769,-35.500,0.500,0.000,H_y-34.0_x20.0_40.0_reverse_right,reverse_right,H_y-34.0_x20.0_40.0,H_y-34.0_x20.0_40.0,right,reverse,1
295,22.269,-35.500,0.500,0.000,H_y-34.0_x20.0_40.0_reverse_right,reverse_right,H_y-34.0_x20.0_40.0,H_y-34.0_x20.0_40.0,right,reverse,1
296,22.769,-35.500,0.500,0.000,H_y-34.0_x20.0_40.0_reverse_right,reverse_right,H_y-34.0_x20.0_40.0,H_y-34.0_x20.0_40.0,right,reverse,1
297,23.269,-35.500,0.500,0.000,H_y-34.0_x20.0_40.0_reverse_right,reverse_right,H_y-34.0_x20.0_40.0,H_y-34.0_x20.0_40.0,right,reverse,1
298,23.769,-35.500,0.500,0.000,H_y-34.0_x20.0_40.0_reverse_right,reverse_right,H_y-34.0_x20.0_40.0,H_y-34.0_x20.0_40.0,right,reverse,1
299,24.269,-35.500,0.500,0.000,H_y-34.0_x20.0_40.0_reverse_right,reverse_right,H_y-34.0_x20.0_40.0,H_y-34.0_x20.0_40.0,right,reverse,1
300,24.769,-35.500,0.500,0.000,H_y-34.0_x20.0_40.0_reverse_right,reverse_right,H_y-34.0_x20.0_40.0,H_y-34.0_x20.0_40.0,right,reverse,1
301,25.269,-35.500,0.500,0.000,H_y-34.0_x20.0_40.0_reverse_right,reverse_right,H_y-34.0_x20.0_40.0,H_y-34.0_x20.0_40.0,right,reverse,1
302,25.769,-35.500,0.500,0.000,H_y-34.0_x20.0_40.0_reverse_right,reverse_right,H_y-34.0_x20.0_40.0,H_y-34.0_x20.0_40.0,right,reverse,1
303,26.269,-35.500,0.500,0.000,H_y-34.0_x20.0_40.0_reverse_right,reverse_right,H_y-34.0_x20.0_40.0,H_y-34.0_x20.0_40.0,right,reverse,1
304,26.769,-35.500,0.500,0.000,H_y-34.0_x20.0_40.0_reverse_right,reverse_right,H_y-34.0_x20.0_40.0,H_y-34.0_x20.0_40.0,right,reverse,1
305,27.269,-35.500,0.500,0.000,H_y-34.0_x20.0_40.0_reverse_right,reverse_right,H_y-34.0_x20.0_40.0,H_y-34.0_x20.0_40.0,right,reverse,1
306,27.769,-35.500,0.500,0.000,H_y-34.0_x20.0_40.0_reverse_right,reverse_right,H_y-34.0_x20.0_40.0,H_y-34.0_x20.0_40.0,right,reverse,1
307,28.269,-35.500,0.500,0.000,H_y-34.0_x20.0_40.0_reverse_right,reverse_right,H_y-34.0_x20.0_40.0,H_y-34.0_x20.0_40.0,right,reverse,1
308,28.769,-35.500,0.500,0.000,H_y-34.0_x20.0_40.0_reverse_right,reverse_right,H_y-34.0_x20.0_40.0,H_y-34.0_x20.0_40.0,right,reverse,1
309,29.269,-35.500,0.500,0.000,H_y-34.0_x20.0_40.0_reverse_right,reverse_right,H_y-34.0_x20.0_40.0,H_y-34.0_x20.0_40.0,right,reverse,1
310,29.769,-35.500,0.500,0.000,H_y-34.0_x20.0_40.0_reverse_right,reverse_right,H_y-34.0_x20.0_40.0,H_y-34.0_x20.0_40.0,right,reverse,1
311,30.269,-35.500,0.500,0.000,H_y-34.0_x20.0_40.0_reverse_right,reverse_right,H_y-34.0_x20.0_40.0,H_y-34.0_x20.0_40.0,right,reverse,1
312,30.769,-35.500,0.500,0.000,H_y-34.0_x20.0_40.0_reverse_right,reverse_right,H_y-34.0_x20.0_40.0,H_y-34.0_x20.0_40.0,right,reverse,1
313,31.269,-35.500,0.500,0.000,H_y-34.0_x20.0_40.0_reverse_right,reverse_right,H_y-34.0_x20.0_40.0,H_y-34.0_x20.0_40.0,right,reverse,1
314,31.769,-35.500,0.500,0.000,H_y-34.0_x20.0_40.0_reverse_right,reverse_right,H_y-34.0_x20.0_40.0,H_y-34.0_x20.0_40.0,right,reverse,1
315,32.269,-35.500,0.500,0.000,H_y-34.0_x20.0_40.0_reverse_right,reverse_right,H_y-34.0_x20.0_40.0,H_y-34.0_x20.0_40.0,right,reverse,1
316,32.769,-35.500,0.500,0.000,H_y-34.0_x20.0_40.0_reverse_right,reverse_right,H_y-34.0_x20.0_40.0,H_y-34.0_x20.0_40.0,right,reverse,1
317,33.269,-35.500,0.500,0.000,H_y-34.0_x20.0_40.0_reverse_right,reverse_right,H_y-34.0_x20.0_40.0,H_y-34.0_x20.0_40.0,right,reverse,1
318,33.769,-35.500,0.500,0.000,H_y-34.0_x20.0_40.0_reverse_right,reverse_right,H_y-34.0_x20.0_40.0,H_y-34.0_x20.0_40.0,right,reverse,1
319,34.269,-35.500,0.500,0.000,H_y-34.0_x20.0_40.0_reverse_right,reverse_right,H_y-34.0_x20.0_40.0,H_y-34.0_x20.0_40.0,right,reverse,1
320,34.769,-35.500,0.500,0.000,H_y-34.0_x20.0_40.0_reverse_right,reverse_right,H_y-34.0_x20.0_40.0,H_y-34.0_x20.0_40.0,right,reverse,1
321,35.269,-35.500,0.500,0.000,H_y-34.0_x20.0_40.0_reverse_right,reverse_right,H_y-34.0_x20.0_40.0,H_y-34.0_x20.0_40.0,right,reverse,1
322,35.769,-35.500,0.500,0.000,H_y-34.0_x20.0_40.0_reverse_right,reverse_right,H_y-34.0_x20.0_40.0,H_y-34.0_x20.0_40.0,right,reverse,1
323,36.269,-35.500,0.500,0.000,H_y-34.0_x20.0_40.0_reverse_right,reverse_right,H_y-34.0_x20.0_40.0,H_y-34.0_x20.0_40.0,right,reverse,1
324,36.769,-35.500,0.500,0.000,H_y-34.0_x20.0_40.0_reverse_right,reverse_right,H_y-34.0_x20.0_40.0,H_y-34.0_x20.0_40.0,right,reverse,1
325,37.269,-35.500,0.500,0.000,H_y-34.0_x20.0_40.0_reverse_right,reverse_right,H_y-34.0_x20.0_40.0,H_y-34.0_x20.0_40.0,right,reverse,1
326,37.500,-35.500,0.500,0.000,H_y-34.0_x20.0_40.0_reverse_right,reverse_right,H_y-34.0_x20.0_40.0,H_y-34.0_x20.0_40.0,right,reverse,0
